-- phpMyAdmin SQL Dump
-- version 5.2.1
-- https://www.phpmyadmin.net/
--
-- Host: 127.0.0.1
-- Generation Time: Aug 22, 2024 at 05:44 PM
-- Server version: 10.4.32-MariaDB
-- PHP Version: 8.2.12

SET SQL_MODE = "NO_AUTO_VALUE_ON_ZERO";
START TRANSACTION;
SET time_zone = "+00:00";


/*!40101 SET @OLD_CHARACTER_SET_CLIENT=@@CHARACTER_SET_CLIENT */;
/*!40101 SET @OLD_CHARACTER_SET_RESULTS=@@CHARACTER_SET_RESULTS */;
/*!40101 SET @OLD_COLLATION_CONNECTION=@@COLLATION_CONNECTION */;
/*!40101 SET NAMES utf8mb4 */;

--
-- Database: `insurance`
--

-- --------------------------------------------------------

--
-- Table structure for table `authentications`
--

CREATE TABLE `authentications` (
  `id` bigint(20) UNSIGNED NOT NULL,
  `type` varchar(255) NOT NULL,
  `plate_number` varchar(255) DEFAULT NULL,
  `mv_file_number` varchar(255) DEFAULT NULL,
  `serial_number` varchar(255) NOT NULL,
  `engine_number` varchar(255) DEFAULT NULL,
  `assured_tin` varchar(255) DEFAULT NULL,
  `assured_name` varchar(255) NOT NULL,
  `assured_address` varchar(255) NOT NULL,
  `contact_number` varchar(255) DEFAULT NULL,
  `email_address` varchar(255) DEFAULT NULL,
  `or_number` varchar(255) NOT NULL,
  `coc_number` varchar(255) NOT NULL,
  `policy_number` varchar(255) NOT NULL,
  `inception_date` date NOT NULL,
  `expiry_date` date NOT NULL,
  `vehicle_type` varchar(255) NOT NULL,
  `lto_mv_type` varchar(255) NOT NULL,
  `created_at` timestamp NULL DEFAULT NULL,
  `updated_at` timestamp NULL DEFAULT NULL
) ENGINE=InnoDB DEFAULT CHARSET=utf8mb4 COLLATE=utf8mb4_unicode_ci;

--
-- Dumping data for table `authentications`
--

INSERT INTO `authentications` (`id`, `type`, `plate_number`, `mv_file_number`, `serial_number`, `engine_number`, `assured_tin`, `assured_name`, `assured_address`, `contact_number`, `email_address`, `or_number`, `coc_number`, `policy_number`, `inception_date`, `expiry_date`, `vehicle_type`, `lto_mv_type`, `created_at`, `updated_at`) VALUES
(2, 'new', NULL, NULL, '4357456345', NULL, NULL, 'JUAN DOMINGUEZ', 'PORAK, PAMPANGA', NULL, 'johndominguez@gmail.com', '76843535345', 'ELTH810001', '324564756', '2024-08-09', '2025-08-09', '14', 'HB', '2024-08-08 13:20:33', '2024-08-08 13:20:33'),
(4, 'new', NULL, NULL, '345678988654', NULL, NULL, 'ROY VELASCO', 'GAPAN, NUEVA ECIJA', NULL, 'roy@gmail.com', '29834987234', 'ELTH810012', '28738728734', '2024-08-16', '2025-08-09', '6', 'TC', '2024-08-09 05:44:58', '2024-08-09 05:44:58'),
(5, 'renewal', NULL, NULL, '237429873', NULL, NULL, 'JOHNY BOTE', 'GAPAN, NUEVA ECIJA', NULL, 'johny@gmail.com', '4567890767676', 'GPNBR100012024', '1234567897654345', '2024-08-09', '2025-08-09', '1', 'C', '2024-08-09 23:57:26', '2024-08-09 23:57:26'),
(6, 'new', NULL, NULL, '62392983092', NULL, NULL, 'DANIEL DELA CRUZ', 'LOS BANOS, LAGUNA', NULL, 'daniel@gmail.com', '982398290920982098209', 'LGNBR100012024', '9823920982092', '2024-08-10', '2027-08-10', '7', 'MS', '2024-08-10 00:27:39', '2024-08-10 00:27:39');

-- --------------------------------------------------------

--
-- Table structure for table `cache`
--

CREATE TABLE `cache` (
  `key` varchar(255) NOT NULL,
  `value` mediumtext NOT NULL,
  `expiration` int(11) NOT NULL
) ENGINE=InnoDB DEFAULT CHARSET=utf8mb4 COLLATE=utf8mb4_unicode_ci;

-- --------------------------------------------------------

--
-- Table structure for table `cache_locks`
--

CREATE TABLE `cache_locks` (
  `key` varchar(255) NOT NULL,
  `owner` varchar(255) NOT NULL,
  `expiration` int(11) NOT NULL
) ENGINE=InnoDB DEFAULT CHARSET=utf8mb4 COLLATE=utf8mb4_unicode_ci;

-- --------------------------------------------------------

--
-- Table structure for table `coc_series`
--

CREATE TABLE `coc_series` (
  `id` bigint(20) UNSIGNED NOT NULL,
  `agent_id` bigint(20) UNSIGNED NOT NULL,
  `prefix` varchar(255) DEFAULT NULL,
  `suffix` varchar(255) DEFAULT NULL,
  `start` int(11) NOT NULL,
  `end` int(11) NOT NULL,
  `created_at` timestamp NULL DEFAULT NULL,
  `updated_at` timestamp NULL DEFAULT NULL
) ENGINE=InnoDB DEFAULT CHARSET=utf8mb4 COLLATE=utf8mb4_unicode_ci;

--
-- Dumping data for table `coc_series`
--

INSERT INTO `coc_series` (`id`, `agent_id`, `prefix`, `suffix`, `start`, `end`, `created_at`, `updated_at`) VALUES
(3, 3, 'QWERW', NULL, 10701, 10800, '2024-08-08 04:51:31', '2024-08-08 04:51:31'),
(4, 1, 'ELTH8', NULL, 10001, 10100, '2024-08-08 12:43:50', '2024-08-08 12:43:50'),
(5, 55, 'THHHW', NULL, 90101, 90200, '2024-08-09 05:40:53', '2024-08-09 05:40:53'),
(6, 2, 'GPNBR', '2024', 10001, 10100, '2024-08-09 23:53:32', '2024-08-09 23:53:32'),
(7, 3, 'LGNBR', '2024', 10001, 10100, '2024-08-09 23:53:54', '2024-08-09 23:53:54'),
(8, 4, 'CBOBR', '2024', 10001, 10100, '2024-08-09 23:54:22', '2024-08-09 23:54:22'),
(9, 4, 'CBO', '2024', 60101, 60200, '2024-08-18 11:44:18', '2024-08-18 11:44:18');

-- --------------------------------------------------------

--
-- Table structure for table `coc_series_numbers`
--

CREATE TABLE `coc_series_numbers` (
  `id` bigint(20) UNSIGNED NOT NULL,
  `series_id` bigint(20) UNSIGNED NOT NULL,
  `agent_id` bigint(20) UNSIGNED NOT NULL,
  `number` int(11) NOT NULL,
  `series_number` varchar(255) NOT NULL,
  `used_date` varchar(255) DEFAULT NULL,
  `status` varchar(255) NOT NULL,
  `created_at` timestamp NULL DEFAULT NULL,
  `updated_at` timestamp NULL DEFAULT NULL
) ENGINE=InnoDB DEFAULT CHARSET=utf8mb4 COLLATE=utf8mb4_unicode_ci;

--
-- Dumping data for table `coc_series_numbers`
--

INSERT INTO `coc_series_numbers` (`id`, `series_id`, `agent_id`, `number`, `series_number`, `used_date`, `status`, `created_at`, `updated_at`) VALUES
(201, 3, 3, 10701, 'QWERW10701', NULL, 'available', '2024-08-08 04:51:31', '2024-08-08 04:51:31'),
(202, 3, 3, 10702, 'QWERW10702', NULL, 'available', '2024-08-08 04:51:31', '2024-08-08 04:51:31'),
(203, 3, 3, 10703, 'QWERW10703', NULL, 'available', '2024-08-08 04:51:31', '2024-08-08 04:51:31'),
(204, 3, 3, 10704, 'QWERW10704', NULL, 'available', '2024-08-08 04:51:31', '2024-08-08 04:51:31'),
(205, 3, 3, 10705, 'QWERW10705', NULL, 'available', '2024-08-08 04:51:31', '2024-08-08 04:51:31'),
(206, 3, 3, 10706, 'QWERW10706', NULL, 'available', '2024-08-08 04:51:31', '2024-08-08 04:51:31'),
(207, 3, 3, 10707, 'QWERW10707', NULL, 'available', '2024-08-08 04:51:31', '2024-08-08 04:51:31'),
(208, 3, 3, 10708, 'QWERW10708', NULL, 'available', '2024-08-08 04:51:31', '2024-08-08 04:51:31'),
(209, 3, 3, 10709, 'QWERW10709', NULL, 'available', '2024-08-08 04:51:31', '2024-08-08 04:51:31'),
(210, 3, 3, 10710, 'QWERW10710', NULL, 'available', '2024-08-08 04:51:31', '2024-08-08 04:51:31'),
(211, 3, 3, 10711, 'QWERW10711', NULL, 'available', '2024-08-08 04:51:31', '2024-08-08 04:51:31'),
(212, 3, 3, 10712, 'QWERW10712', NULL, 'available', '2024-08-08 04:51:31', '2024-08-08 04:51:31'),
(213, 3, 3, 10713, 'QWERW10713', NULL, 'available', '2024-08-08 04:51:31', '2024-08-08 04:51:31'),
(214, 3, 3, 10714, 'QWERW10714', NULL, 'available', '2024-08-08 04:51:31', '2024-08-08 04:51:31'),
(215, 3, 3, 10715, 'QWERW10715', NULL, 'available', '2024-08-08 04:51:31', '2024-08-08 04:51:31'),
(216, 3, 3, 10716, 'QWERW10716', NULL, 'available', '2024-08-08 04:51:31', '2024-08-08 04:51:31'),
(217, 3, 3, 10717, 'QWERW10717', NULL, 'available', '2024-08-08 04:51:31', '2024-08-08 04:51:31'),
(218, 3, 3, 10718, 'QWERW10718', NULL, 'available', '2024-08-08 04:51:31', '2024-08-08 04:51:31'),
(219, 3, 3, 10719, 'QWERW10719', NULL, 'available', '2024-08-08 04:51:31', '2024-08-08 04:51:31'),
(220, 3, 3, 10720, 'QWERW10720', NULL, 'available', '2024-08-08 04:51:31', '2024-08-08 04:51:31'),
(221, 3, 3, 10721, 'QWERW10721', NULL, 'available', '2024-08-08 04:51:31', '2024-08-08 04:51:31'),
(222, 3, 3, 10722, 'QWERW10722', NULL, 'available', '2024-08-08 04:51:31', '2024-08-08 04:51:31'),
(223, 3, 3, 10723, 'QWERW10723', NULL, 'available', '2024-08-08 04:51:31', '2024-08-08 04:51:31'),
(224, 3, 3, 10724, 'QWERW10724', NULL, 'available', '2024-08-08 04:51:31', '2024-08-08 04:51:31'),
(225, 3, 3, 10725, 'QWERW10725', NULL, 'available', '2024-08-08 04:51:31', '2024-08-08 04:51:31'),
(226, 3, 3, 10726, 'QWERW10726', NULL, 'available', '2024-08-08 04:51:31', '2024-08-08 04:51:31'),
(227, 3, 3, 10727, 'QWERW10727', NULL, 'available', '2024-08-08 04:51:31', '2024-08-08 04:51:31'),
(228, 3, 3, 10728, 'QWERW10728', NULL, 'available', '2024-08-08 04:51:31', '2024-08-08 04:51:31'),
(229, 3, 3, 10729, 'QWERW10729', NULL, 'available', '2024-08-08 04:51:31', '2024-08-08 04:51:31'),
(230, 3, 3, 10730, 'QWERW10730', NULL, 'available', '2024-08-08 04:51:31', '2024-08-08 04:51:31'),
(231, 3, 3, 10731, 'QWERW10731', NULL, 'available', '2024-08-08 04:51:31', '2024-08-08 04:51:31'),
(232, 3, 3, 10732, 'QWERW10732', NULL, 'available', '2024-08-08 04:51:31', '2024-08-08 04:51:31'),
(233, 3, 3, 10733, 'QWERW10733', NULL, 'available', '2024-08-08 04:51:31', '2024-08-08 04:51:31'),
(234, 3, 3, 10734, 'QWERW10734', NULL, 'available', '2024-08-08 04:51:31', '2024-08-08 04:51:31'),
(235, 3, 3, 10735, 'QWERW10735', NULL, 'available', '2024-08-08 04:51:31', '2024-08-08 04:51:31'),
(236, 3, 3, 10736, 'QWERW10736', NULL, 'available', '2024-08-08 04:51:31', '2024-08-08 04:51:31'),
(237, 3, 3, 10737, 'QWERW10737', NULL, 'available', '2024-08-08 04:51:31', '2024-08-08 04:51:31'),
(238, 3, 3, 10738, 'QWERW10738', NULL, 'available', '2024-08-08 04:51:31', '2024-08-08 04:51:31'),
(239, 3, 3, 10739, 'QWERW10739', NULL, 'available', '2024-08-08 04:51:31', '2024-08-08 04:51:31'),
(240, 3, 3, 10740, 'QWERW10740', NULL, 'available', '2024-08-08 04:51:31', '2024-08-08 04:51:31'),
(241, 3, 3, 10741, 'QWERW10741', NULL, 'available', '2024-08-08 04:51:31', '2024-08-08 04:51:31'),
(242, 3, 3, 10742, 'QWERW10742', NULL, 'available', '2024-08-08 04:51:31', '2024-08-08 04:51:31'),
(243, 3, 3, 10743, 'QWERW10743', NULL, 'available', '2024-08-08 04:51:31', '2024-08-08 04:51:31'),
(244, 3, 3, 10744, 'QWERW10744', NULL, 'available', '2024-08-08 04:51:31', '2024-08-08 04:51:31'),
(245, 3, 3, 10745, 'QWERW10745', NULL, 'available', '2024-08-08 04:51:31', '2024-08-08 04:51:31'),
(246, 3, 3, 10746, 'QWERW10746', NULL, 'available', '2024-08-08 04:51:31', '2024-08-08 04:51:31'),
(247, 3, 3, 10747, 'QWERW10747', NULL, 'available', '2024-08-08 04:51:31', '2024-08-08 04:51:31'),
(248, 3, 3, 10748, 'QWERW10748', NULL, 'available', '2024-08-08 04:51:31', '2024-08-08 04:51:31'),
(249, 3, 3, 10749, 'QWERW10749', NULL, 'available', '2024-08-08 04:51:31', '2024-08-08 04:51:31'),
(250, 3, 3, 10750, 'QWERW10750', NULL, 'available', '2024-08-08 04:51:31', '2024-08-08 04:51:31'),
(251, 3, 3, 10751, 'QWERW10751', NULL, 'available', '2024-08-08 04:51:31', '2024-08-08 04:51:31'),
(252, 3, 3, 10752, 'QWERW10752', NULL, 'available', '2024-08-08 04:51:31', '2024-08-08 04:51:31'),
(253, 3, 3, 10753, 'QWERW10753', NULL, 'available', '2024-08-08 04:51:31', '2024-08-08 04:51:31'),
(254, 3, 3, 10754, 'QWERW10754', NULL, 'available', '2024-08-08 04:51:31', '2024-08-08 04:51:31'),
(255, 3, 3, 10755, 'QWERW10755', NULL, 'available', '2024-08-08 04:51:31', '2024-08-08 04:51:31'),
(256, 3, 3, 10756, 'QWERW10756', NULL, 'available', '2024-08-08 04:51:31', '2024-08-08 04:51:31'),
(257, 3, 3, 10757, 'QWERW10757', NULL, 'available', '2024-08-08 04:51:31', '2024-08-08 04:51:31'),
(258, 3, 3, 10758, 'QWERW10758', NULL, 'available', '2024-08-08 04:51:31', '2024-08-08 04:51:31'),
(259, 3, 3, 10759, 'QWERW10759', NULL, 'available', '2024-08-08 04:51:31', '2024-08-08 04:51:31'),
(260, 3, 3, 10760, 'QWERW10760', NULL, 'available', '2024-08-08 04:51:31', '2024-08-08 04:51:31'),
(261, 3, 3, 10761, 'QWERW10761', NULL, 'available', '2024-08-08 04:51:31', '2024-08-08 04:51:31'),
(262, 3, 3, 10762, 'QWERW10762', NULL, 'available', '2024-08-08 04:51:31', '2024-08-08 04:51:31'),
(263, 3, 3, 10763, 'QWERW10763', NULL, 'available', '2024-08-08 04:51:31', '2024-08-08 04:51:31'),
(264, 3, 3, 10764, 'QWERW10764', NULL, 'available', '2024-08-08 04:51:31', '2024-08-08 04:51:31'),
(265, 3, 3, 10765, 'QWERW10765', NULL, 'available', '2024-08-08 04:51:31', '2024-08-08 04:51:31'),
(266, 3, 3, 10766, 'QWERW10766', NULL, 'available', '2024-08-08 04:51:31', '2024-08-08 04:51:31'),
(267, 3, 3, 10767, 'QWERW10767', NULL, 'available', '2024-08-08 04:51:31', '2024-08-08 04:51:31'),
(268, 3, 3, 10768, 'QWERW10768', NULL, 'available', '2024-08-08 04:51:31', '2024-08-08 04:51:31'),
(269, 3, 3, 10769, 'QWERW10769', NULL, 'available', '2024-08-08 04:51:31', '2024-08-08 04:51:31'),
(270, 3, 3, 10770, 'QWERW10770', NULL, 'available', '2024-08-08 04:51:31', '2024-08-08 04:51:31'),
(271, 3, 3, 10771, 'QWERW10771', NULL, 'available', '2024-08-08 04:51:31', '2024-08-08 04:51:31'),
(272, 3, 3, 10772, 'QWERW10772', NULL, 'available', '2024-08-08 04:51:31', '2024-08-08 04:51:31'),
(273, 3, 3, 10773, 'QWERW10773', NULL, 'available', '2024-08-08 04:51:31', '2024-08-08 04:51:31'),
(274, 3, 3, 10774, 'QWERW10774', NULL, 'available', '2024-08-08 04:51:31', '2024-08-08 04:51:31'),
(275, 3, 3, 10775, 'QWERW10775', NULL, 'available', '2024-08-08 04:51:31', '2024-08-08 04:51:31'),
(276, 3, 3, 10776, 'QWERW10776', NULL, 'available', '2024-08-08 04:51:31', '2024-08-08 04:51:31'),
(277, 3, 3, 10777, 'QWERW10777', NULL, 'available', '2024-08-08 04:51:31', '2024-08-08 04:51:31'),
(278, 3, 3, 10778, 'QWERW10778', NULL, 'available', '2024-08-08 04:51:31', '2024-08-08 04:51:31'),
(279, 3, 3, 10779, 'QWERW10779', NULL, 'available', '2024-08-08 04:51:31', '2024-08-08 04:51:31'),
(280, 3, 3, 10780, 'QWERW10780', NULL, 'available', '2024-08-08 04:51:31', '2024-08-08 04:51:31'),
(281, 3, 3, 10781, 'QWERW10781', NULL, 'available', '2024-08-08 04:51:31', '2024-08-08 04:51:31'),
(282, 3, 3, 10782, 'QWERW10782', NULL, 'available', '2024-08-08 04:51:31', '2024-08-08 04:51:31'),
(283, 3, 3, 10783, 'QWERW10783', NULL, 'available', '2024-08-08 04:51:31', '2024-08-08 04:51:31'),
(284, 3, 3, 10784, 'QWERW10784', NULL, 'available', '2024-08-08 04:51:31', '2024-08-08 04:51:31'),
(285, 3, 3, 10785, 'QWERW10785', NULL, 'available', '2024-08-08 04:51:31', '2024-08-08 04:51:31'),
(286, 3, 3, 10786, 'QWERW10786', NULL, 'available', '2024-08-08 04:51:31', '2024-08-08 04:51:31'),
(287, 3, 3, 10787, 'QWERW10787', NULL, 'available', '2024-08-08 04:51:31', '2024-08-08 04:51:31'),
(288, 3, 3, 10788, 'QWERW10788', NULL, 'available', '2024-08-08 04:51:31', '2024-08-08 04:51:31'),
(289, 3, 3, 10789, 'QWERW10789', NULL, 'available', '2024-08-08 04:51:31', '2024-08-08 04:51:31'),
(290, 3, 3, 10790, 'QWERW10790', NULL, 'available', '2024-08-08 04:51:31', '2024-08-08 04:51:31'),
(291, 3, 3, 10791, 'QWERW10791', NULL, 'available', '2024-08-08 04:51:31', '2024-08-08 04:51:31'),
(292, 3, 3, 10792, 'QWERW10792', NULL, 'available', '2024-08-08 04:51:31', '2024-08-08 04:51:31'),
(293, 3, 3, 10793, 'QWERW10793', NULL, 'available', '2024-08-08 04:51:31', '2024-08-08 04:51:31'),
(294, 3, 3, 10794, 'QWERW10794', NULL, 'available', '2024-08-08 04:51:31', '2024-08-08 04:51:31'),
(295, 3, 3, 10795, 'QWERW10795', NULL, 'available', '2024-08-08 04:51:31', '2024-08-08 04:51:31'),
(296, 3, 3, 10796, 'QWERW10796', NULL, 'available', '2024-08-08 04:51:31', '2024-08-08 04:51:31'),
(297, 3, 3, 10797, 'QWERW10797', NULL, 'available', '2024-08-08 04:51:31', '2024-08-08 04:51:31'),
(298, 3, 3, 10798, 'QWERW10798', NULL, 'available', '2024-08-08 04:51:31', '2024-08-08 04:51:31'),
(299, 3, 3, 10799, 'QWERW10799', NULL, 'available', '2024-08-08 04:51:31', '2024-08-08 04:51:31'),
(300, 3, 3, 10800, 'QWERW10800', NULL, 'available', '2024-08-08 04:51:31', '2024-08-08 04:51:31'),
(301, 4, 1, 10001, 'ELTH810001', '08-08-2024', 'used', '2024-08-08 12:43:50', '2024-08-08 13:26:04'),
(302, 4, 1, 10002, 'ELTH810002', NULL, 'available', '2024-08-08 12:43:50', '2024-08-08 12:43:50'),
(303, 4, 1, 10003, 'ELTH810003', NULL, 'available', '2024-08-08 12:43:50', '2024-08-08 12:43:50'),
(304, 4, 1, 10004, 'ELTH810004', NULL, 'available', '2024-08-08 12:43:50', '2024-08-08 12:43:50'),
(305, 4, 1, 10005, 'ELTH810005', NULL, 'available', '2024-08-08 12:43:50', '2024-08-08 12:43:50'),
(306, 4, 1, 10006, 'ELTH810006', NULL, 'available', '2024-08-08 12:43:50', '2024-08-08 12:43:50'),
(307, 4, 1, 10007, 'ELTH810007', NULL, 'available', '2024-08-08 12:43:50', '2024-08-08 12:43:50'),
(308, 4, 1, 10008, 'ELTH810008', NULL, 'available', '2024-08-08 12:43:50', '2024-08-08 12:43:50'),
(309, 4, 1, 10009, 'ELTH810009', NULL, 'available', '2024-08-08 12:43:50', '2024-08-08 12:43:50'),
(310, 4, 1, 10010, 'ELTH810010', NULL, 'available', '2024-08-08 12:43:50', '2024-08-08 12:43:50'),
(311, 4, 1, 10011, 'ELTH810011', NULL, 'available', '2024-08-08 12:43:50', '2024-08-08 12:43:50'),
(312, 4, 1, 10012, 'ELTH810012', '09-08-2024', 'used', '2024-08-08 12:43:50', '2024-08-09 05:44:58'),
(313, 4, 1, 10013, 'ELTH810013', NULL, 'available', '2024-08-08 12:43:50', '2024-08-08 12:43:50'),
(314, 4, 1, 10014, 'ELTH810014', NULL, 'available', '2024-08-08 12:43:50', '2024-08-08 12:43:50'),
(315, 4, 1, 10015, 'ELTH810015', NULL, 'available', '2024-08-08 12:43:50', '2024-08-08 12:43:50'),
(316, 4, 1, 10016, 'ELTH810016', NULL, 'available', '2024-08-08 12:43:50', '2024-08-08 12:43:50'),
(317, 4, 1, 10017, 'ELTH810017', NULL, 'available', '2024-08-08 12:43:50', '2024-08-08 12:43:50'),
(318, 4, 1, 10018, 'ELTH810018', NULL, 'available', '2024-08-08 12:43:50', '2024-08-08 12:43:50'),
(319, 4, 1, 10019, 'ELTH810019', NULL, 'available', '2024-08-08 12:43:50', '2024-08-08 12:43:50'),
(320, 4, 1, 10020, 'ELTH810020', NULL, 'available', '2024-08-08 12:43:50', '2024-08-08 12:43:50'),
(321, 4, 1, 10021, 'ELTH810021', NULL, 'available', '2024-08-08 12:43:50', '2024-08-08 12:43:50'),
(322, 4, 1, 10022, 'ELTH810022', NULL, 'available', '2024-08-08 12:43:50', '2024-08-08 12:43:50'),
(323, 4, 1, 10023, 'ELTH810023', NULL, 'available', '2024-08-08 12:43:50', '2024-08-08 12:43:50'),
(324, 4, 1, 10024, 'ELTH810024', NULL, 'available', '2024-08-08 12:43:50', '2024-08-08 12:43:50'),
(325, 4, 1, 10025, 'ELTH810025', NULL, 'available', '2024-08-08 12:43:50', '2024-08-08 12:43:50'),
(326, 4, 1, 10026, 'ELTH810026', NULL, 'available', '2024-08-08 12:43:50', '2024-08-08 12:43:50'),
(327, 4, 1, 10027, 'ELTH810027', NULL, 'available', '2024-08-08 12:43:50', '2024-08-08 12:43:50'),
(328, 4, 1, 10028, 'ELTH810028', NULL, 'available', '2024-08-08 12:43:50', '2024-08-08 12:43:50'),
(329, 4, 1, 10029, 'ELTH810029', NULL, 'available', '2024-08-08 12:43:50', '2024-08-08 12:43:50'),
(330, 4, 1, 10030, 'ELTH810030', NULL, 'available', '2024-08-08 12:43:50', '2024-08-08 12:43:50'),
(331, 4, 1, 10031, 'ELTH810031', NULL, 'available', '2024-08-08 12:43:50', '2024-08-08 12:43:50'),
(332, 4, 1, 10032, 'ELTH810032', NULL, 'available', '2024-08-08 12:43:50', '2024-08-08 12:43:50'),
(333, 4, 1, 10033, 'ELTH810033', NULL, 'available', '2024-08-08 12:43:50', '2024-08-08 12:43:50'),
(334, 4, 1, 10034, 'ELTH810034', NULL, 'available', '2024-08-08 12:43:50', '2024-08-08 12:43:50'),
(335, 4, 1, 10035, 'ELTH810035', NULL, 'available', '2024-08-08 12:43:50', '2024-08-08 12:43:50'),
(336, 4, 1, 10036, 'ELTH810036', NULL, 'available', '2024-08-08 12:43:50', '2024-08-08 12:43:50'),
(337, 4, 1, 10037, 'ELTH810037', NULL, 'available', '2024-08-08 12:43:50', '2024-08-08 12:43:50'),
(338, 4, 1, 10038, 'ELTH810038', NULL, 'available', '2024-08-08 12:43:50', '2024-08-08 12:43:50'),
(339, 4, 1, 10039, 'ELTH810039', NULL, 'available', '2024-08-08 12:43:50', '2024-08-08 12:43:50'),
(340, 4, 1, 10040, 'ELTH810040', NULL, 'available', '2024-08-08 12:43:50', '2024-08-08 12:43:50'),
(341, 4, 1, 10041, 'ELTH810041', NULL, 'available', '2024-08-08 12:43:50', '2024-08-08 12:43:50'),
(342, 4, 1, 10042, 'ELTH810042', NULL, 'available', '2024-08-08 12:43:50', '2024-08-08 12:43:50'),
(343, 4, 1, 10043, 'ELTH810043', NULL, 'available', '2024-08-08 12:43:50', '2024-08-08 12:43:50'),
(344, 4, 1, 10044, 'ELTH810044', NULL, 'available', '2024-08-08 12:43:50', '2024-08-08 12:43:50'),
(345, 4, 1, 10045, 'ELTH810045', NULL, 'available', '2024-08-08 12:43:50', '2024-08-08 12:43:50'),
(346, 4, 1, 10046, 'ELTH810046', NULL, 'available', '2024-08-08 12:43:50', '2024-08-08 12:43:50'),
(347, 4, 1, 10047, 'ELTH810047', NULL, 'available', '2024-08-08 12:43:50', '2024-08-08 12:43:50'),
(348, 4, 1, 10048, 'ELTH810048', NULL, 'available', '2024-08-08 12:43:50', '2024-08-08 12:43:50'),
(349, 4, 1, 10049, 'ELTH810049', NULL, 'available', '2024-08-08 12:43:50', '2024-08-08 12:43:50'),
(350, 4, 1, 10050, 'ELTH810050', NULL, 'available', '2024-08-08 12:43:50', '2024-08-08 12:43:50'),
(351, 4, 1, 10051, 'ELTH810051', NULL, 'available', '2024-08-08 12:43:50', '2024-08-08 12:43:50'),
(352, 4, 1, 10052, 'ELTH810052', NULL, 'available', '2024-08-08 12:43:50', '2024-08-08 12:43:50'),
(353, 4, 1, 10053, 'ELTH810053', NULL, 'available', '2024-08-08 12:43:50', '2024-08-08 12:43:50'),
(354, 4, 1, 10054, 'ELTH810054', NULL, 'available', '2024-08-08 12:43:50', '2024-08-08 12:43:50'),
(355, 4, 1, 10055, 'ELTH810055', NULL, 'available', '2024-08-08 12:43:50', '2024-08-08 12:43:50'),
(356, 4, 1, 10056, 'ELTH810056', NULL, 'available', '2024-08-08 12:43:50', '2024-08-08 12:43:50'),
(357, 4, 1, 10057, 'ELTH810057', NULL, 'available', '2024-08-08 12:43:50', '2024-08-08 12:43:50'),
(358, 4, 1, 10058, 'ELTH810058', NULL, 'available', '2024-08-08 12:43:50', '2024-08-08 12:43:50'),
(359, 4, 1, 10059, 'ELTH810059', NULL, 'available', '2024-08-08 12:43:50', '2024-08-08 12:43:50'),
(360, 4, 1, 10060, 'ELTH810060', NULL, 'available', '2024-08-08 12:43:50', '2024-08-08 12:43:50'),
(361, 4, 1, 10061, 'ELTH810061', NULL, 'available', '2024-08-08 12:43:50', '2024-08-08 12:43:50'),
(362, 4, 1, 10062, 'ELTH810062', NULL, 'available', '2024-08-08 12:43:50', '2024-08-08 12:43:50'),
(363, 4, 1, 10063, 'ELTH810063', NULL, 'available', '2024-08-08 12:43:50', '2024-08-08 12:43:50'),
(364, 4, 1, 10064, 'ELTH810064', NULL, 'available', '2024-08-08 12:43:50', '2024-08-08 12:43:50'),
(365, 4, 1, 10065, 'ELTH810065', NULL, 'available', '2024-08-08 12:43:50', '2024-08-08 12:43:50'),
(366, 4, 1, 10066, 'ELTH810066', NULL, 'available', '2024-08-08 12:43:50', '2024-08-08 12:43:50'),
(367, 4, 1, 10067, 'ELTH810067', NULL, 'available', '2024-08-08 12:43:50', '2024-08-08 12:43:50'),
(368, 4, 1, 10068, 'ELTH810068', NULL, 'available', '2024-08-08 12:43:50', '2024-08-08 12:43:50'),
(369, 4, 1, 10069, 'ELTH810069', NULL, 'available', '2024-08-08 12:43:50', '2024-08-08 12:43:50'),
(370, 4, 1, 10070, 'ELTH810070', NULL, 'available', '2024-08-08 12:43:50', '2024-08-08 12:43:50'),
(371, 4, 1, 10071, 'ELTH810071', NULL, 'available', '2024-08-08 12:43:50', '2024-08-08 12:43:50'),
(372, 4, 1, 10072, 'ELTH810072', NULL, 'available', '2024-08-08 12:43:50', '2024-08-08 12:43:50'),
(373, 4, 1, 10073, 'ELTH810073', NULL, 'available', '2024-08-08 12:43:50', '2024-08-08 12:43:50'),
(374, 4, 1, 10074, 'ELTH810074', NULL, 'available', '2024-08-08 12:43:50', '2024-08-08 12:43:50'),
(375, 4, 1, 10075, 'ELTH810075', NULL, 'available', '2024-08-08 12:43:50', '2024-08-08 12:43:50'),
(376, 4, 1, 10076, 'ELTH810076', NULL, 'available', '2024-08-08 12:43:50', '2024-08-08 12:43:50'),
(377, 4, 1, 10077, 'ELTH810077', NULL, 'available', '2024-08-08 12:43:50', '2024-08-08 12:43:50'),
(378, 4, 1, 10078, 'ELTH810078', NULL, 'available', '2024-08-08 12:43:50', '2024-08-08 12:43:50'),
(379, 4, 1, 10079, 'ELTH810079', NULL, 'available', '2024-08-08 12:43:50', '2024-08-08 12:43:50'),
(380, 4, 1, 10080, 'ELTH810080', NULL, 'available', '2024-08-08 12:43:50', '2024-08-08 12:43:50'),
(381, 4, 1, 10081, 'ELTH810081', NULL, 'available', '2024-08-08 12:43:50', '2024-08-08 12:43:50'),
(382, 4, 1, 10082, 'ELTH810082', NULL, 'available', '2024-08-08 12:43:50', '2024-08-08 12:43:50'),
(383, 4, 1, 10083, 'ELTH810083', NULL, 'available', '2024-08-08 12:43:50', '2024-08-08 12:43:50'),
(384, 4, 1, 10084, 'ELTH810084', NULL, 'available', '2024-08-08 12:43:50', '2024-08-08 12:43:50'),
(385, 4, 1, 10085, 'ELTH810085', NULL, 'available', '2024-08-08 12:43:50', '2024-08-08 12:43:50'),
(386, 4, 1, 10086, 'ELTH810086', NULL, 'available', '2024-08-08 12:43:50', '2024-08-08 12:43:50'),
(387, 4, 1, 10087, 'ELTH810087', NULL, 'available', '2024-08-08 12:43:50', '2024-08-08 12:43:50'),
(388, 4, 1, 10088, 'ELTH810088', NULL, 'available', '2024-08-08 12:43:50', '2024-08-08 12:43:50'),
(389, 4, 1, 10089, 'ELTH810089', NULL, 'available', '2024-08-08 12:43:50', '2024-08-08 12:43:50'),
(390, 4, 1, 10090, 'ELTH810090', NULL, 'available', '2024-08-08 12:43:50', '2024-08-08 12:43:50'),
(391, 4, 1, 10091, 'ELTH810091', NULL, 'available', '2024-08-08 12:43:50', '2024-08-08 12:43:50'),
(392, 4, 1, 10092, 'ELTH810092', NULL, 'available', '2024-08-08 12:43:50', '2024-08-08 12:43:50'),
(393, 4, 1, 10093, 'ELTH810093', NULL, 'available', '2024-08-08 12:43:50', '2024-08-08 12:43:50'),
(394, 4, 1, 10094, 'ELTH810094', NULL, 'available', '2024-08-08 12:43:50', '2024-08-08 12:43:50'),
(395, 4, 1, 10095, 'ELTH810095', NULL, 'available', '2024-08-08 12:43:50', '2024-08-08 12:43:50'),
(396, 4, 1, 10096, 'ELTH810096', NULL, 'available', '2024-08-08 12:43:50', '2024-08-08 12:43:50'),
(397, 4, 1, 10097, 'ELTH810097', NULL, 'available', '2024-08-08 12:43:50', '2024-08-08 12:43:50'),
(398, 4, 1, 10098, 'ELTH810098', NULL, 'available', '2024-08-08 12:43:50', '2024-08-08 12:43:50'),
(399, 4, 1, 10099, 'ELTH810099', NULL, 'available', '2024-08-08 12:43:50', '2024-08-08 12:43:50'),
(400, 4, 1, 10100, 'ELTH810100', NULL, 'available', '2024-08-08 12:43:50', '2024-08-08 12:43:50'),
(401, 5, 55, 90101, 'THHHW90101', NULL, 'available', '2024-08-09 05:40:53', '2024-08-09 05:40:53'),
(402, 5, 55, 90102, 'THHHW90102', NULL, 'available', '2024-08-09 05:40:53', '2024-08-09 05:40:53'),
(403, 5, 55, 90103, 'THHHW90103', NULL, 'available', '2024-08-09 05:40:53', '2024-08-09 05:40:53'),
(404, 5, 55, 90104, 'THHHW90104', NULL, 'available', '2024-08-09 05:40:53', '2024-08-09 05:40:53'),
(405, 5, 55, 90105, 'THHHW90105', NULL, 'available', '2024-08-09 05:40:53', '2024-08-09 05:40:53'),
(406, 5, 55, 90106, 'THHHW90106', NULL, 'available', '2024-08-09 05:40:53', '2024-08-09 05:40:53'),
(407, 5, 55, 90107, 'THHHW90107', NULL, 'available', '2024-08-09 05:40:53', '2024-08-09 05:40:53'),
(408, 5, 55, 90108, 'THHHW90108', NULL, 'available', '2024-08-09 05:40:53', '2024-08-09 05:40:53'),
(409, 5, 55, 90109, 'THHHW90109', NULL, 'available', '2024-08-09 05:40:53', '2024-08-09 05:40:53'),
(410, 5, 55, 90110, 'THHHW90110', NULL, 'available', '2024-08-09 05:40:53', '2024-08-09 05:40:53'),
(411, 5, 55, 90111, 'THHHW90111', NULL, 'available', '2024-08-09 05:40:53', '2024-08-09 05:40:53'),
(412, 5, 55, 90112, 'THHHW90112', NULL, 'available', '2024-08-09 05:40:53', '2024-08-09 05:40:53'),
(413, 5, 55, 90113, 'THHHW90113', NULL, 'available', '2024-08-09 05:40:53', '2024-08-09 05:40:53'),
(414, 5, 55, 90114, 'THHHW90114', NULL, 'available', '2024-08-09 05:40:53', '2024-08-09 05:40:53'),
(415, 5, 55, 90115, 'THHHW90115', NULL, 'available', '2024-08-09 05:40:53', '2024-08-09 05:40:53'),
(416, 5, 55, 90116, 'THHHW90116', NULL, 'available', '2024-08-09 05:40:53', '2024-08-09 05:40:53'),
(417, 5, 55, 90117, 'THHHW90117', NULL, 'available', '2024-08-09 05:40:53', '2024-08-09 05:40:53'),
(418, 5, 55, 90118, 'THHHW90118', NULL, 'available', '2024-08-09 05:40:53', '2024-08-09 05:40:53'),
(419, 5, 55, 90119, 'THHHW90119', NULL, 'available', '2024-08-09 05:40:53', '2024-08-09 05:40:53'),
(420, 5, 55, 90120, 'THHHW90120', NULL, 'available', '2024-08-09 05:40:53', '2024-08-09 05:40:53'),
(421, 5, 55, 90121, 'THHHW90121', NULL, 'available', '2024-08-09 05:40:53', '2024-08-09 05:40:53'),
(422, 5, 55, 90122, 'THHHW90122', NULL, 'available', '2024-08-09 05:40:53', '2024-08-09 05:40:53'),
(423, 5, 55, 90123, 'THHHW90123', NULL, 'available', '2024-08-09 05:40:53', '2024-08-09 05:40:53'),
(424, 5, 55, 90124, 'THHHW90124', NULL, 'available', '2024-08-09 05:40:53', '2024-08-09 05:40:53'),
(425, 5, 55, 90125, 'THHHW90125', NULL, 'available', '2024-08-09 05:40:53', '2024-08-09 05:40:53'),
(426, 5, 55, 90126, 'THHHW90126', NULL, 'available', '2024-08-09 05:40:53', '2024-08-09 05:40:53'),
(427, 5, 55, 90127, 'THHHW90127', NULL, 'available', '2024-08-09 05:40:53', '2024-08-09 05:40:53'),
(428, 5, 55, 90128, 'THHHW90128', NULL, 'available', '2024-08-09 05:40:53', '2024-08-09 05:40:53'),
(429, 5, 55, 90129, 'THHHW90129', NULL, 'available', '2024-08-09 05:40:53', '2024-08-09 05:40:53'),
(430, 5, 55, 90130, 'THHHW90130', NULL, 'available', '2024-08-09 05:40:53', '2024-08-09 05:40:53'),
(431, 5, 55, 90131, 'THHHW90131', NULL, 'available', '2024-08-09 05:40:53', '2024-08-09 05:40:53'),
(432, 5, 55, 90132, 'THHHW90132', NULL, 'available', '2024-08-09 05:40:53', '2024-08-09 05:40:53'),
(433, 5, 55, 90133, 'THHHW90133', NULL, 'available', '2024-08-09 05:40:53', '2024-08-09 05:40:53'),
(434, 5, 55, 90134, 'THHHW90134', NULL, 'available', '2024-08-09 05:40:53', '2024-08-09 05:40:53'),
(435, 5, 55, 90135, 'THHHW90135', NULL, 'available', '2024-08-09 05:40:53', '2024-08-09 05:40:53'),
(436, 5, 55, 90136, 'THHHW90136', NULL, 'available', '2024-08-09 05:40:53', '2024-08-09 05:40:53'),
(437, 5, 55, 90137, 'THHHW90137', NULL, 'available', '2024-08-09 05:40:53', '2024-08-09 05:40:53'),
(438, 5, 55, 90138, 'THHHW90138', NULL, 'available', '2024-08-09 05:40:53', '2024-08-09 05:40:53'),
(439, 5, 55, 90139, 'THHHW90139', NULL, 'available', '2024-08-09 05:40:53', '2024-08-09 05:40:53'),
(440, 5, 55, 90140, 'THHHW90140', NULL, 'available', '2024-08-09 05:40:53', '2024-08-09 05:40:53'),
(441, 5, 55, 90141, 'THHHW90141', NULL, 'available', '2024-08-09 05:40:53', '2024-08-09 05:40:53'),
(442, 5, 55, 90142, 'THHHW90142', NULL, 'available', '2024-08-09 05:40:53', '2024-08-09 05:40:53'),
(443, 5, 55, 90143, 'THHHW90143', NULL, 'available', '2024-08-09 05:40:53', '2024-08-09 05:40:53'),
(444, 5, 55, 90144, 'THHHW90144', NULL, 'available', '2024-08-09 05:40:53', '2024-08-09 05:40:53'),
(445, 5, 55, 90145, 'THHHW90145', NULL, 'available', '2024-08-09 05:40:53', '2024-08-09 05:40:53'),
(446, 5, 55, 90146, 'THHHW90146', NULL, 'available', '2024-08-09 05:40:53', '2024-08-09 05:40:53'),
(447, 5, 55, 90147, 'THHHW90147', NULL, 'available', '2024-08-09 05:40:53', '2024-08-09 05:40:53'),
(448, 5, 55, 90148, 'THHHW90148', NULL, 'available', '2024-08-09 05:40:53', '2024-08-09 05:40:53'),
(449, 5, 55, 90149, 'THHHW90149', NULL, 'available', '2024-08-09 05:40:53', '2024-08-09 05:40:53'),
(450, 5, 55, 90150, 'THHHW90150', NULL, 'available', '2024-08-09 05:40:53', '2024-08-09 05:40:53'),
(451, 5, 55, 90151, 'THHHW90151', NULL, 'available', '2024-08-09 05:40:53', '2024-08-09 05:40:53'),
(452, 5, 55, 90152, 'THHHW90152', NULL, 'available', '2024-08-09 05:40:53', '2024-08-09 05:40:53'),
(453, 5, 55, 90153, 'THHHW90153', NULL, 'available', '2024-08-09 05:40:53', '2024-08-09 05:40:53'),
(454, 5, 55, 90154, 'THHHW90154', NULL, 'available', '2024-08-09 05:40:53', '2024-08-09 05:40:53'),
(455, 5, 55, 90155, 'THHHW90155', NULL, 'available', '2024-08-09 05:40:53', '2024-08-09 05:40:53'),
(456, 5, 55, 90156, 'THHHW90156', NULL, 'available', '2024-08-09 05:40:53', '2024-08-09 05:40:53'),
(457, 5, 55, 90157, 'THHHW90157', NULL, 'available', '2024-08-09 05:40:53', '2024-08-09 05:40:53'),
(458, 5, 55, 90158, 'THHHW90158', NULL, 'available', '2024-08-09 05:40:53', '2024-08-09 05:40:53'),
(459, 5, 55, 90159, 'THHHW90159', NULL, 'available', '2024-08-09 05:40:53', '2024-08-09 05:40:53'),
(460, 5, 55, 90160, 'THHHW90160', NULL, 'available', '2024-08-09 05:40:53', '2024-08-09 05:40:53'),
(461, 5, 55, 90161, 'THHHW90161', NULL, 'available', '2024-08-09 05:40:53', '2024-08-09 05:40:53'),
(462, 5, 55, 90162, 'THHHW90162', NULL, 'available', '2024-08-09 05:40:53', '2024-08-09 05:40:53'),
(463, 5, 55, 90163, 'THHHW90163', NULL, 'available', '2024-08-09 05:40:53', '2024-08-09 05:40:53'),
(464, 5, 55, 90164, 'THHHW90164', NULL, 'available', '2024-08-09 05:40:53', '2024-08-09 05:40:53'),
(465, 5, 55, 90165, 'THHHW90165', NULL, 'available', '2024-08-09 05:40:53', '2024-08-09 05:40:53'),
(466, 5, 55, 90166, 'THHHW90166', NULL, 'available', '2024-08-09 05:40:53', '2024-08-09 05:40:53'),
(467, 5, 55, 90167, 'THHHW90167', NULL, 'available', '2024-08-09 05:40:53', '2024-08-09 05:40:53'),
(468, 5, 55, 90168, 'THHHW90168', NULL, 'available', '2024-08-09 05:40:53', '2024-08-09 05:40:53'),
(469, 5, 55, 90169, 'THHHW90169', NULL, 'available', '2024-08-09 05:40:53', '2024-08-09 05:40:53'),
(470, 5, 55, 90170, 'THHHW90170', NULL, 'available', '2024-08-09 05:40:53', '2024-08-09 05:40:53'),
(471, 5, 55, 90171, 'THHHW90171', NULL, 'available', '2024-08-09 05:40:53', '2024-08-09 05:40:53'),
(472, 5, 55, 90172, 'THHHW90172', NULL, 'available', '2024-08-09 05:40:53', '2024-08-09 05:40:53'),
(473, 5, 55, 90173, 'THHHW90173', NULL, 'available', '2024-08-09 05:40:53', '2024-08-09 05:40:53'),
(474, 5, 55, 90174, 'THHHW90174', NULL, 'available', '2024-08-09 05:40:53', '2024-08-09 05:40:53'),
(475, 5, 55, 90175, 'THHHW90175', NULL, 'available', '2024-08-09 05:40:53', '2024-08-09 05:40:53'),
(476, 5, 55, 90176, 'THHHW90176', NULL, 'available', '2024-08-09 05:40:53', '2024-08-09 05:40:53'),
(477, 5, 55, 90177, 'THHHW90177', NULL, 'available', '2024-08-09 05:40:53', '2024-08-09 05:40:53'),
(478, 5, 55, 90178, 'THHHW90178', NULL, 'available', '2024-08-09 05:40:53', '2024-08-09 05:40:53'),
(479, 5, 55, 90179, 'THHHW90179', NULL, 'available', '2024-08-09 05:40:53', '2024-08-09 05:40:53'),
(480, 5, 55, 90180, 'THHHW90180', NULL, 'available', '2024-08-09 05:40:53', '2024-08-09 05:40:53'),
(481, 5, 55, 90181, 'THHHW90181', NULL, 'available', '2024-08-09 05:40:53', '2024-08-09 05:40:53'),
(482, 5, 55, 90182, 'THHHW90182', NULL, 'available', '2024-08-09 05:40:53', '2024-08-09 05:40:53'),
(483, 5, 55, 90183, 'THHHW90183', NULL, 'available', '2024-08-09 05:40:53', '2024-08-09 05:40:53'),
(484, 5, 55, 90184, 'THHHW90184', NULL, 'available', '2024-08-09 05:40:53', '2024-08-09 05:40:53'),
(485, 5, 55, 90185, 'THHHW90185', NULL, 'available', '2024-08-09 05:40:53', '2024-08-09 05:40:53'),
(486, 5, 55, 90186, 'THHHW90186', NULL, 'available', '2024-08-09 05:40:53', '2024-08-09 05:40:53'),
(487, 5, 55, 90187, 'THHHW90187', NULL, 'available', '2024-08-09 05:40:53', '2024-08-09 05:40:53'),
(488, 5, 55, 90188, 'THHHW90188', NULL, 'available', '2024-08-09 05:40:53', '2024-08-09 05:40:53'),
(489, 5, 55, 90189, 'THHHW90189', NULL, 'available', '2024-08-09 05:40:53', '2024-08-09 05:40:53'),
(490, 5, 55, 90190, 'THHHW90190', NULL, 'available', '2024-08-09 05:40:53', '2024-08-09 05:40:53'),
(491, 5, 55, 90191, 'THHHW90191', NULL, 'available', '2024-08-09 05:40:53', '2024-08-09 05:40:53'),
(492, 5, 55, 90192, 'THHHW90192', NULL, 'available', '2024-08-09 05:40:53', '2024-08-09 05:40:53'),
(493, 5, 55, 90193, 'THHHW90193', NULL, 'available', '2024-08-09 05:40:53', '2024-08-09 05:40:53'),
(494, 5, 55, 90194, 'THHHW90194', NULL, 'available', '2024-08-09 05:40:53', '2024-08-09 05:40:53'),
(495, 5, 55, 90195, 'THHHW90195', NULL, 'available', '2024-08-09 05:40:53', '2024-08-09 05:40:53'),
(496, 5, 55, 90196, 'THHHW90196', NULL, 'available', '2024-08-09 05:40:53', '2024-08-09 05:40:53'),
(497, 5, 55, 90197, 'THHHW90197', NULL, 'available', '2024-08-09 05:40:53', '2024-08-09 05:40:53'),
(498, 5, 55, 90198, 'THHHW90198', NULL, 'available', '2024-08-09 05:40:53', '2024-08-09 05:40:53'),
(499, 5, 55, 90199, 'THHHW90199', NULL, 'available', '2024-08-09 05:40:53', '2024-08-09 05:40:53'),
(500, 5, 55, 90200, 'THHHW90200', NULL, 'available', '2024-08-09 05:40:53', '2024-08-09 05:40:53'),
(501, 6, 2, 10001, 'GPNBR100012024', '10-08-2024', 'used', '2024-08-09 23:53:32', '2024-08-09 23:57:26'),
(502, 6, 2, 10002, 'GPNBR100022024', NULL, 'available', '2024-08-09 23:53:32', '2024-08-09 23:53:32'),
(503, 6, 2, 10003, 'GPNBR100032024', NULL, 'available', '2024-08-09 23:53:32', '2024-08-09 23:53:32'),
(504, 6, 2, 10004, 'GPNBR100042024', NULL, 'available', '2024-08-09 23:53:32', '2024-08-09 23:53:32'),
(505, 6, 2, 10005, 'GPNBR100052024', NULL, 'available', '2024-08-09 23:53:32', '2024-08-09 23:53:32'),
(506, 6, 2, 10006, 'GPNBR100062024', NULL, 'available', '2024-08-09 23:53:32', '2024-08-09 23:53:32'),
(507, 6, 2, 10007, 'GPNBR100072024', NULL, 'available', '2024-08-09 23:53:32', '2024-08-09 23:53:32'),
(508, 6, 2, 10008, 'GPNBR100082024', NULL, 'available', '2024-08-09 23:53:32', '2024-08-09 23:53:32'),
(509, 6, 2, 10009, 'GPNBR100092024', NULL, 'available', '2024-08-09 23:53:32', '2024-08-09 23:53:32'),
(510, 6, 2, 10010, 'GPNBR100102024', NULL, 'available', '2024-08-09 23:53:32', '2024-08-09 23:53:32'),
(511, 6, 2, 10011, 'GPNBR100112024', NULL, 'available', '2024-08-09 23:53:32', '2024-08-09 23:53:32'),
(512, 6, 2, 10012, 'GPNBR100122024', NULL, 'available', '2024-08-09 23:53:32', '2024-08-09 23:53:32'),
(513, 6, 2, 10013, 'GPNBR100132024', NULL, 'available', '2024-08-09 23:53:32', '2024-08-09 23:53:32'),
(514, 6, 2, 10014, 'GPNBR100142024', NULL, 'available', '2024-08-09 23:53:32', '2024-08-09 23:53:32'),
(515, 6, 2, 10015, 'GPNBR100152024', NULL, 'available', '2024-08-09 23:53:32', '2024-08-09 23:53:32'),
(516, 6, 2, 10016, 'GPNBR100162024', NULL, 'available', '2024-08-09 23:53:32', '2024-08-09 23:53:32'),
(517, 6, 2, 10017, 'GPNBR100172024', NULL, 'available', '2024-08-09 23:53:32', '2024-08-09 23:53:32'),
(518, 6, 2, 10018, 'GPNBR100182024', NULL, 'available', '2024-08-09 23:53:32', '2024-08-09 23:53:32'),
(519, 6, 2, 10019, 'GPNBR100192024', NULL, 'available', '2024-08-09 23:53:32', '2024-08-09 23:53:32'),
(520, 6, 2, 10020, 'GPNBR100202024', NULL, 'available', '2024-08-09 23:53:32', '2024-08-09 23:53:32'),
(521, 6, 2, 10021, 'GPNBR100212024', NULL, 'available', '2024-08-09 23:53:32', '2024-08-09 23:53:32'),
(522, 6, 2, 10022, 'GPNBR100222024', NULL, 'available', '2024-08-09 23:53:32', '2024-08-09 23:53:32'),
(523, 6, 2, 10023, 'GPNBR100232024', NULL, 'available', '2024-08-09 23:53:32', '2024-08-09 23:53:32'),
(524, 6, 2, 10024, 'GPNBR100242024', NULL, 'available', '2024-08-09 23:53:32', '2024-08-09 23:53:32'),
(525, 6, 2, 10025, 'GPNBR100252024', NULL, 'available', '2024-08-09 23:53:32', '2024-08-09 23:53:32'),
(526, 6, 2, 10026, 'GPNBR100262024', NULL, 'available', '2024-08-09 23:53:32', '2024-08-09 23:53:32'),
(527, 6, 2, 10027, 'GPNBR100272024', NULL, 'available', '2024-08-09 23:53:32', '2024-08-09 23:53:32'),
(528, 6, 2, 10028, 'GPNBR100282024', NULL, 'available', '2024-08-09 23:53:32', '2024-08-09 23:53:32'),
(529, 6, 2, 10029, 'GPNBR100292024', NULL, 'available', '2024-08-09 23:53:32', '2024-08-09 23:53:32'),
(530, 6, 2, 10030, 'GPNBR100302024', NULL, 'available', '2024-08-09 23:53:32', '2024-08-09 23:53:32'),
(531, 6, 2, 10031, 'GPNBR100312024', NULL, 'available', '2024-08-09 23:53:32', '2024-08-09 23:53:32'),
(532, 6, 2, 10032, 'GPNBR100322024', NULL, 'available', '2024-08-09 23:53:32', '2024-08-09 23:53:32'),
(533, 6, 2, 10033, 'GPNBR100332024', NULL, 'available', '2024-08-09 23:53:32', '2024-08-09 23:53:32'),
(534, 6, 2, 10034, 'GPNBR100342024', NULL, 'available', '2024-08-09 23:53:32', '2024-08-09 23:53:32'),
(535, 6, 2, 10035, 'GPNBR100352024', NULL, 'available', '2024-08-09 23:53:32', '2024-08-09 23:53:32'),
(536, 6, 2, 10036, 'GPNBR100362024', NULL, 'available', '2024-08-09 23:53:32', '2024-08-09 23:53:32'),
(537, 6, 2, 10037, 'GPNBR100372024', NULL, 'available', '2024-08-09 23:53:32', '2024-08-09 23:53:32'),
(538, 6, 2, 10038, 'GPNBR100382024', NULL, 'available', '2024-08-09 23:53:32', '2024-08-09 23:53:32'),
(539, 6, 2, 10039, 'GPNBR100392024', NULL, 'available', '2024-08-09 23:53:32', '2024-08-09 23:53:32'),
(540, 6, 2, 10040, 'GPNBR100402024', NULL, 'available', '2024-08-09 23:53:32', '2024-08-09 23:53:32'),
(541, 6, 2, 10041, 'GPNBR100412024', NULL, 'available', '2024-08-09 23:53:32', '2024-08-09 23:53:32'),
(542, 6, 2, 10042, 'GPNBR100422024', NULL, 'available', '2024-08-09 23:53:32', '2024-08-09 23:53:32'),
(543, 6, 2, 10043, 'GPNBR100432024', NULL, 'available', '2024-08-09 23:53:32', '2024-08-09 23:53:32'),
(544, 6, 2, 10044, 'GPNBR100442024', NULL, 'available', '2024-08-09 23:53:32', '2024-08-09 23:53:32'),
(545, 6, 2, 10045, 'GPNBR100452024', NULL, 'available', '2024-08-09 23:53:32', '2024-08-09 23:53:32'),
(546, 6, 2, 10046, 'GPNBR100462024', NULL, 'available', '2024-08-09 23:53:32', '2024-08-09 23:53:32'),
(547, 6, 2, 10047, 'GPNBR100472024', NULL, 'available', '2024-08-09 23:53:32', '2024-08-09 23:53:32'),
(548, 6, 2, 10048, 'GPNBR100482024', NULL, 'available', '2024-08-09 23:53:32', '2024-08-09 23:53:32'),
(549, 6, 2, 10049, 'GPNBR100492024', NULL, 'available', '2024-08-09 23:53:32', '2024-08-09 23:53:32'),
(550, 6, 2, 10050, 'GPNBR100502024', NULL, 'available', '2024-08-09 23:53:32', '2024-08-09 23:53:32'),
(551, 6, 2, 10051, 'GPNBR100512024', NULL, 'available', '2024-08-09 23:53:32', '2024-08-09 23:53:32'),
(552, 6, 2, 10052, 'GPNBR100522024', NULL, 'available', '2024-08-09 23:53:32', '2024-08-09 23:53:32'),
(553, 6, 2, 10053, 'GPNBR100532024', NULL, 'available', '2024-08-09 23:53:32', '2024-08-09 23:53:32'),
(554, 6, 2, 10054, 'GPNBR100542024', NULL, 'available', '2024-08-09 23:53:32', '2024-08-09 23:53:32'),
(555, 6, 2, 10055, 'GPNBR100552024', NULL, 'available', '2024-08-09 23:53:32', '2024-08-09 23:53:32'),
(556, 6, 2, 10056, 'GPNBR100562024', NULL, 'available', '2024-08-09 23:53:32', '2024-08-09 23:53:32'),
(557, 6, 2, 10057, 'GPNBR100572024', NULL, 'available', '2024-08-09 23:53:32', '2024-08-09 23:53:32'),
(558, 6, 2, 10058, 'GPNBR100582024', NULL, 'available', '2024-08-09 23:53:32', '2024-08-09 23:53:32'),
(559, 6, 2, 10059, 'GPNBR100592024', NULL, 'available', '2024-08-09 23:53:32', '2024-08-09 23:53:32'),
(560, 6, 2, 10060, 'GPNBR100602024', NULL, 'available', '2024-08-09 23:53:32', '2024-08-09 23:53:32'),
(561, 6, 2, 10061, 'GPNBR100612024', NULL, 'available', '2024-08-09 23:53:32', '2024-08-09 23:53:32'),
(562, 6, 2, 10062, 'GPNBR100622024', NULL, 'available', '2024-08-09 23:53:32', '2024-08-09 23:53:32'),
(563, 6, 2, 10063, 'GPNBR100632024', NULL, 'available', '2024-08-09 23:53:32', '2024-08-09 23:53:32'),
(564, 6, 2, 10064, 'GPNBR100642024', NULL, 'available', '2024-08-09 23:53:32', '2024-08-09 23:53:32'),
(565, 6, 2, 10065, 'GPNBR100652024', NULL, 'available', '2024-08-09 23:53:32', '2024-08-09 23:53:32'),
(566, 6, 2, 10066, 'GPNBR100662024', NULL, 'available', '2024-08-09 23:53:32', '2024-08-09 23:53:32'),
(567, 6, 2, 10067, 'GPNBR100672024', NULL, 'available', '2024-08-09 23:53:32', '2024-08-09 23:53:32'),
(568, 6, 2, 10068, 'GPNBR100682024', NULL, 'available', '2024-08-09 23:53:32', '2024-08-09 23:53:32'),
(569, 6, 2, 10069, 'GPNBR100692024', NULL, 'available', '2024-08-09 23:53:32', '2024-08-09 23:53:32'),
(570, 6, 2, 10070, 'GPNBR100702024', NULL, 'available', '2024-08-09 23:53:32', '2024-08-09 23:53:32'),
(571, 6, 2, 10071, 'GPNBR100712024', NULL, 'available', '2024-08-09 23:53:32', '2024-08-09 23:53:32'),
(572, 6, 2, 10072, 'GPNBR100722024', NULL, 'available', '2024-08-09 23:53:32', '2024-08-09 23:53:32'),
(573, 6, 2, 10073, 'GPNBR100732024', NULL, 'available', '2024-08-09 23:53:32', '2024-08-09 23:53:32'),
(574, 6, 2, 10074, 'GPNBR100742024', NULL, 'available', '2024-08-09 23:53:32', '2024-08-09 23:53:32'),
(575, 6, 2, 10075, 'GPNBR100752024', NULL, 'available', '2024-08-09 23:53:32', '2024-08-09 23:53:32'),
(576, 6, 2, 10076, 'GPNBR100762024', NULL, 'available', '2024-08-09 23:53:32', '2024-08-09 23:53:32'),
(577, 6, 2, 10077, 'GPNBR100772024', NULL, 'available', '2024-08-09 23:53:32', '2024-08-09 23:53:32'),
(578, 6, 2, 10078, 'GPNBR100782024', NULL, 'available', '2024-08-09 23:53:32', '2024-08-09 23:53:32'),
(579, 6, 2, 10079, 'GPNBR100792024', NULL, 'available', '2024-08-09 23:53:32', '2024-08-09 23:53:32'),
(580, 6, 2, 10080, 'GPNBR100802024', NULL, 'available', '2024-08-09 23:53:32', '2024-08-09 23:53:32'),
(581, 6, 2, 10081, 'GPNBR100812024', NULL, 'available', '2024-08-09 23:53:32', '2024-08-09 23:53:32'),
(582, 6, 2, 10082, 'GPNBR100822024', NULL, 'available', '2024-08-09 23:53:32', '2024-08-09 23:53:32'),
(583, 6, 2, 10083, 'GPNBR100832024', NULL, 'available', '2024-08-09 23:53:32', '2024-08-09 23:53:32'),
(584, 6, 2, 10084, 'GPNBR100842024', NULL, 'available', '2024-08-09 23:53:32', '2024-08-09 23:53:32'),
(585, 6, 2, 10085, 'GPNBR100852024', NULL, 'available', '2024-08-09 23:53:32', '2024-08-09 23:53:32'),
(586, 6, 2, 10086, 'GPNBR100862024', NULL, 'available', '2024-08-09 23:53:32', '2024-08-09 23:53:32'),
(587, 6, 2, 10087, 'GPNBR100872024', NULL, 'available', '2024-08-09 23:53:32', '2024-08-09 23:53:32'),
(588, 6, 2, 10088, 'GPNBR100882024', NULL, 'available', '2024-08-09 23:53:32', '2024-08-09 23:53:32'),
(589, 6, 2, 10089, 'GPNBR100892024', NULL, 'available', '2024-08-09 23:53:32', '2024-08-09 23:53:32'),
(590, 6, 2, 10090, 'GPNBR100902024', NULL, 'available', '2024-08-09 23:53:32', '2024-08-09 23:53:32'),
(591, 6, 2, 10091, 'GPNBR100912024', NULL, 'available', '2024-08-09 23:53:32', '2024-08-09 23:53:32'),
(592, 6, 2, 10092, 'GPNBR100922024', NULL, 'available', '2024-08-09 23:53:32', '2024-08-09 23:53:32'),
(593, 6, 2, 10093, 'GPNBR100932024', NULL, 'available', '2024-08-09 23:53:32', '2024-08-09 23:53:32'),
(594, 6, 2, 10094, 'GPNBR100942024', NULL, 'available', '2024-08-09 23:53:32', '2024-08-09 23:53:32'),
(595, 6, 2, 10095, 'GPNBR100952024', NULL, 'available', '2024-08-09 23:53:32', '2024-08-09 23:53:32'),
(596, 6, 2, 10096, 'GPNBR100962024', NULL, 'available', '2024-08-09 23:53:32', '2024-08-09 23:53:32'),
(597, 6, 2, 10097, 'GPNBR100972024', NULL, 'available', '2024-08-09 23:53:32', '2024-08-09 23:53:32'),
(598, 6, 2, 10098, 'GPNBR100982024', NULL, 'available', '2024-08-09 23:53:32', '2024-08-09 23:53:32'),
(599, 6, 2, 10099, 'GPNBR100992024', NULL, 'available', '2024-08-09 23:53:32', '2024-08-09 23:53:32'),
(600, 6, 2, 10100, 'GPNBR101002024', NULL, 'available', '2024-08-09 23:53:32', '2024-08-09 23:53:32'),
(601, 7, 3, 10001, 'LGNBR100012024', '10-08-2024', 'used', '2024-08-09 23:53:54', '2024-08-10 00:27:39'),
(602, 7, 3, 10002, 'LGNBR100022024', NULL, 'available', '2024-08-09 23:53:54', '2024-08-09 23:53:54'),
(603, 7, 3, 10003, 'LGNBR100032024', NULL, 'available', '2024-08-09 23:53:54', '2024-08-09 23:53:54'),
(604, 7, 3, 10004, 'LGNBR100042024', NULL, 'available', '2024-08-09 23:53:54', '2024-08-09 23:53:54'),
(605, 7, 3, 10005, 'LGNBR100052024', NULL, 'available', '2024-08-09 23:53:54', '2024-08-09 23:53:54'),
(606, 7, 3, 10006, 'LGNBR100062024', NULL, 'available', '2024-08-09 23:53:54', '2024-08-09 23:53:54'),
(607, 7, 3, 10007, 'LGNBR100072024', NULL, 'available', '2024-08-09 23:53:54', '2024-08-09 23:53:54'),
(608, 7, 3, 10008, 'LGNBR100082024', NULL, 'available', '2024-08-09 23:53:54', '2024-08-09 23:53:54'),
(609, 7, 3, 10009, 'LGNBR100092024', NULL, 'available', '2024-08-09 23:53:54', '2024-08-09 23:53:54'),
(610, 7, 3, 10010, 'LGNBR100102024', NULL, 'available', '2024-08-09 23:53:54', '2024-08-09 23:53:54'),
(611, 7, 3, 10011, 'LGNBR100112024', NULL, 'available', '2024-08-09 23:53:54', '2024-08-09 23:53:54'),
(612, 7, 3, 10012, 'LGNBR100122024', NULL, 'available', '2024-08-09 23:53:54', '2024-08-09 23:53:54'),
(613, 7, 3, 10013, 'LGNBR100132024', NULL, 'available', '2024-08-09 23:53:54', '2024-08-09 23:53:54'),
(614, 7, 3, 10014, 'LGNBR100142024', NULL, 'available', '2024-08-09 23:53:54', '2024-08-09 23:53:54'),
(615, 7, 3, 10015, 'LGNBR100152024', NULL, 'available', '2024-08-09 23:53:54', '2024-08-09 23:53:54'),
(616, 7, 3, 10016, 'LGNBR100162024', NULL, 'available', '2024-08-09 23:53:54', '2024-08-09 23:53:54'),
(617, 7, 3, 10017, 'LGNBR100172024', NULL, 'available', '2024-08-09 23:53:54', '2024-08-09 23:53:54'),
(618, 7, 3, 10018, 'LGNBR100182024', NULL, 'available', '2024-08-09 23:53:54', '2024-08-09 23:53:54'),
(619, 7, 3, 10019, 'LGNBR100192024', NULL, 'available', '2024-08-09 23:53:54', '2024-08-09 23:53:54'),
(620, 7, 3, 10020, 'LGNBR100202024', NULL, 'available', '2024-08-09 23:53:54', '2024-08-09 23:53:54'),
(621, 7, 3, 10021, 'LGNBR100212024', NULL, 'available', '2024-08-09 23:53:54', '2024-08-09 23:53:54'),
(622, 7, 3, 10022, 'LGNBR100222024', NULL, 'available', '2024-08-09 23:53:54', '2024-08-09 23:53:54'),
(623, 7, 3, 10023, 'LGNBR100232024', NULL, 'available', '2024-08-09 23:53:54', '2024-08-09 23:53:54'),
(624, 7, 3, 10024, 'LGNBR100242024', NULL, 'available', '2024-08-09 23:53:54', '2024-08-09 23:53:54'),
(625, 7, 3, 10025, 'LGNBR100252024', NULL, 'available', '2024-08-09 23:53:54', '2024-08-09 23:53:54'),
(626, 7, 3, 10026, 'LGNBR100262024', NULL, 'available', '2024-08-09 23:53:54', '2024-08-09 23:53:54'),
(627, 7, 3, 10027, 'LGNBR100272024', NULL, 'available', '2024-08-09 23:53:54', '2024-08-09 23:53:54'),
(628, 7, 3, 10028, 'LGNBR100282024', NULL, 'available', '2024-08-09 23:53:54', '2024-08-09 23:53:54'),
(629, 7, 3, 10029, 'LGNBR100292024', NULL, 'available', '2024-08-09 23:53:54', '2024-08-09 23:53:54'),
(630, 7, 3, 10030, 'LGNBR100302024', NULL, 'available', '2024-08-09 23:53:54', '2024-08-09 23:53:54'),
(631, 7, 3, 10031, 'LGNBR100312024', NULL, 'available', '2024-08-09 23:53:54', '2024-08-09 23:53:54'),
(632, 7, 3, 10032, 'LGNBR100322024', NULL, 'available', '2024-08-09 23:53:54', '2024-08-09 23:53:54'),
(633, 7, 3, 10033, 'LGNBR100332024', NULL, 'available', '2024-08-09 23:53:54', '2024-08-09 23:53:54'),
(634, 7, 3, 10034, 'LGNBR100342024', NULL, 'available', '2024-08-09 23:53:54', '2024-08-09 23:53:54'),
(635, 7, 3, 10035, 'LGNBR100352024', NULL, 'available', '2024-08-09 23:53:54', '2024-08-09 23:53:54'),
(636, 7, 3, 10036, 'LGNBR100362024', NULL, 'available', '2024-08-09 23:53:54', '2024-08-09 23:53:54'),
(637, 7, 3, 10037, 'LGNBR100372024', NULL, 'available', '2024-08-09 23:53:54', '2024-08-09 23:53:54'),
(638, 7, 3, 10038, 'LGNBR100382024', NULL, 'available', '2024-08-09 23:53:54', '2024-08-09 23:53:54'),
(639, 7, 3, 10039, 'LGNBR100392024', NULL, 'available', '2024-08-09 23:53:54', '2024-08-09 23:53:54'),
(640, 7, 3, 10040, 'LGNBR100402024', NULL, 'available', '2024-08-09 23:53:54', '2024-08-09 23:53:54'),
(641, 7, 3, 10041, 'LGNBR100412024', NULL, 'available', '2024-08-09 23:53:54', '2024-08-09 23:53:54'),
(642, 7, 3, 10042, 'LGNBR100422024', NULL, 'available', '2024-08-09 23:53:54', '2024-08-09 23:53:54'),
(643, 7, 3, 10043, 'LGNBR100432024', NULL, 'available', '2024-08-09 23:53:54', '2024-08-09 23:53:54'),
(644, 7, 3, 10044, 'LGNBR100442024', NULL, 'available', '2024-08-09 23:53:54', '2024-08-09 23:53:54'),
(645, 7, 3, 10045, 'LGNBR100452024', NULL, 'available', '2024-08-09 23:53:54', '2024-08-09 23:53:54'),
(646, 7, 3, 10046, 'LGNBR100462024', NULL, 'available', '2024-08-09 23:53:54', '2024-08-09 23:53:54'),
(647, 7, 3, 10047, 'LGNBR100472024', NULL, 'available', '2024-08-09 23:53:54', '2024-08-09 23:53:54'),
(648, 7, 3, 10048, 'LGNBR100482024', NULL, 'available', '2024-08-09 23:53:54', '2024-08-09 23:53:54'),
(649, 7, 3, 10049, 'LGNBR100492024', NULL, 'available', '2024-08-09 23:53:54', '2024-08-09 23:53:54'),
(650, 7, 3, 10050, 'LGNBR100502024', NULL, 'available', '2024-08-09 23:53:54', '2024-08-09 23:53:54'),
(651, 7, 3, 10051, 'LGNBR100512024', NULL, 'available', '2024-08-09 23:53:54', '2024-08-09 23:53:54'),
(652, 7, 3, 10052, 'LGNBR100522024', NULL, 'available', '2024-08-09 23:53:54', '2024-08-09 23:53:54'),
(653, 7, 3, 10053, 'LGNBR100532024', NULL, 'available', '2024-08-09 23:53:54', '2024-08-09 23:53:54'),
(654, 7, 3, 10054, 'LGNBR100542024', NULL, 'available', '2024-08-09 23:53:54', '2024-08-09 23:53:54'),
(655, 7, 3, 10055, 'LGNBR100552024', NULL, 'available', '2024-08-09 23:53:54', '2024-08-09 23:53:54'),
(656, 7, 3, 10056, 'LGNBR100562024', NULL, 'available', '2024-08-09 23:53:54', '2024-08-09 23:53:54'),
(657, 7, 3, 10057, 'LGNBR100572024', NULL, 'available', '2024-08-09 23:53:54', '2024-08-09 23:53:54'),
(658, 7, 3, 10058, 'LGNBR100582024', NULL, 'available', '2024-08-09 23:53:54', '2024-08-09 23:53:54'),
(659, 7, 3, 10059, 'LGNBR100592024', NULL, 'available', '2024-08-09 23:53:54', '2024-08-09 23:53:54'),
(660, 7, 3, 10060, 'LGNBR100602024', NULL, 'available', '2024-08-09 23:53:54', '2024-08-09 23:53:54'),
(661, 7, 3, 10061, 'LGNBR100612024', NULL, 'available', '2024-08-09 23:53:54', '2024-08-09 23:53:54'),
(662, 7, 3, 10062, 'LGNBR100622024', NULL, 'available', '2024-08-09 23:53:54', '2024-08-09 23:53:54'),
(663, 7, 3, 10063, 'LGNBR100632024', NULL, 'available', '2024-08-09 23:53:54', '2024-08-09 23:53:54'),
(664, 7, 3, 10064, 'LGNBR100642024', NULL, 'available', '2024-08-09 23:53:54', '2024-08-09 23:53:54'),
(665, 7, 3, 10065, 'LGNBR100652024', NULL, 'available', '2024-08-09 23:53:54', '2024-08-09 23:53:54'),
(666, 7, 3, 10066, 'LGNBR100662024', NULL, 'available', '2024-08-09 23:53:54', '2024-08-09 23:53:54'),
(667, 7, 3, 10067, 'LGNBR100672024', NULL, 'available', '2024-08-09 23:53:54', '2024-08-09 23:53:54'),
(668, 7, 3, 10068, 'LGNBR100682024', NULL, 'available', '2024-08-09 23:53:54', '2024-08-09 23:53:54'),
(669, 7, 3, 10069, 'LGNBR100692024', NULL, 'available', '2024-08-09 23:53:54', '2024-08-09 23:53:54'),
(670, 7, 3, 10070, 'LGNBR100702024', NULL, 'available', '2024-08-09 23:53:54', '2024-08-09 23:53:54'),
(671, 7, 3, 10071, 'LGNBR100712024', NULL, 'available', '2024-08-09 23:53:54', '2024-08-09 23:53:54'),
(672, 7, 3, 10072, 'LGNBR100722024', NULL, 'available', '2024-08-09 23:53:54', '2024-08-09 23:53:54'),
(673, 7, 3, 10073, 'LGNBR100732024', NULL, 'available', '2024-08-09 23:53:54', '2024-08-09 23:53:54'),
(674, 7, 3, 10074, 'LGNBR100742024', NULL, 'available', '2024-08-09 23:53:54', '2024-08-09 23:53:54'),
(675, 7, 3, 10075, 'LGNBR100752024', NULL, 'available', '2024-08-09 23:53:54', '2024-08-09 23:53:54'),
(676, 7, 3, 10076, 'LGNBR100762024', NULL, 'available', '2024-08-09 23:53:54', '2024-08-09 23:53:54'),
(677, 7, 3, 10077, 'LGNBR100772024', NULL, 'available', '2024-08-09 23:53:54', '2024-08-09 23:53:54'),
(678, 7, 3, 10078, 'LGNBR100782024', NULL, 'available', '2024-08-09 23:53:54', '2024-08-09 23:53:54'),
(679, 7, 3, 10079, 'LGNBR100792024', NULL, 'available', '2024-08-09 23:53:54', '2024-08-09 23:53:54'),
(680, 7, 3, 10080, 'LGNBR100802024', NULL, 'available', '2024-08-09 23:53:54', '2024-08-09 23:53:54'),
(681, 7, 3, 10081, 'LGNBR100812024', NULL, 'available', '2024-08-09 23:53:54', '2024-08-09 23:53:54'),
(682, 7, 3, 10082, 'LGNBR100822024', NULL, 'available', '2024-08-09 23:53:54', '2024-08-09 23:53:54'),
(683, 7, 3, 10083, 'LGNBR100832024', NULL, 'available', '2024-08-09 23:53:54', '2024-08-09 23:53:54'),
(684, 7, 3, 10084, 'LGNBR100842024', NULL, 'available', '2024-08-09 23:53:54', '2024-08-09 23:53:54'),
(685, 7, 3, 10085, 'LGNBR100852024', NULL, 'available', '2024-08-09 23:53:54', '2024-08-09 23:53:54'),
(686, 7, 3, 10086, 'LGNBR100862024', NULL, 'available', '2024-08-09 23:53:54', '2024-08-09 23:53:54'),
(687, 7, 3, 10087, 'LGNBR100872024', NULL, 'available', '2024-08-09 23:53:54', '2024-08-09 23:53:54'),
(688, 7, 3, 10088, 'LGNBR100882024', NULL, 'available', '2024-08-09 23:53:54', '2024-08-09 23:53:54'),
(689, 7, 3, 10089, 'LGNBR100892024', NULL, 'available', '2024-08-09 23:53:54', '2024-08-09 23:53:54'),
(690, 7, 3, 10090, 'LGNBR100902024', NULL, 'available', '2024-08-09 23:53:54', '2024-08-09 23:53:54'),
(691, 7, 3, 10091, 'LGNBR100912024', NULL, 'available', '2024-08-09 23:53:54', '2024-08-09 23:53:54'),
(692, 7, 3, 10092, 'LGNBR100922024', NULL, 'available', '2024-08-09 23:53:54', '2024-08-09 23:53:54'),
(693, 7, 3, 10093, 'LGNBR100932024', NULL, 'available', '2024-08-09 23:53:54', '2024-08-09 23:53:54'),
(694, 7, 3, 10094, 'LGNBR100942024', NULL, 'available', '2024-08-09 23:53:54', '2024-08-09 23:53:54'),
(695, 7, 3, 10095, 'LGNBR100952024', NULL, 'available', '2024-08-09 23:53:54', '2024-08-09 23:53:54'),
(696, 7, 3, 10096, 'LGNBR100962024', NULL, 'available', '2024-08-09 23:53:54', '2024-08-09 23:53:54'),
(697, 7, 3, 10097, 'LGNBR100972024', NULL, 'available', '2024-08-09 23:53:54', '2024-08-09 23:53:54'),
(698, 7, 3, 10098, 'LGNBR100982024', NULL, 'available', '2024-08-09 23:53:54', '2024-08-09 23:53:54'),
(699, 7, 3, 10099, 'LGNBR100992024', NULL, 'available', '2024-08-09 23:53:54', '2024-08-09 23:53:54'),
(700, 7, 3, 10100, 'LGNBR101002024', NULL, 'available', '2024-08-09 23:53:54', '2024-08-09 23:53:54'),
(701, 8, 4, 10001, 'CBOBR100012024', NULL, 'available', '2024-08-09 23:54:22', '2024-08-09 23:54:22'),
(702, 8, 4, 10002, 'CBOBR100022024', NULL, 'available', '2024-08-09 23:54:22', '2024-08-09 23:54:22'),
(703, 8, 4, 10003, 'CBOBR100032024', NULL, 'available', '2024-08-09 23:54:22', '2024-08-09 23:54:22'),
(704, 8, 4, 10004, 'CBOBR100042024', NULL, 'available', '2024-08-09 23:54:22', '2024-08-09 23:54:22');
INSERT INTO `coc_series_numbers` (`id`, `series_id`, `agent_id`, `number`, `series_number`, `used_date`, `status`, `created_at`, `updated_at`) VALUES
(705, 8, 4, 10005, 'CBOBR100052024', NULL, 'available', '2024-08-09 23:54:22', '2024-08-09 23:54:22'),
(706, 8, 4, 10006, 'CBOBR100062024', NULL, 'available', '2024-08-09 23:54:22', '2024-08-09 23:54:22'),
(707, 8, 4, 10007, 'CBOBR100072024', NULL, 'available', '2024-08-09 23:54:22', '2024-08-09 23:54:22'),
(708, 8, 4, 10008, 'CBOBR100082024', NULL, 'available', '2024-08-09 23:54:22', '2024-08-09 23:54:22'),
(709, 8, 4, 10009, 'CBOBR100092024', NULL, 'available', '2024-08-09 23:54:22', '2024-08-09 23:54:22'),
(710, 8, 4, 10010, 'CBOBR100102024', NULL, 'available', '2024-08-09 23:54:22', '2024-08-09 23:54:22'),
(711, 8, 4, 10011, 'CBOBR100112024', NULL, 'available', '2024-08-09 23:54:22', '2024-08-09 23:54:22'),
(712, 8, 4, 10012, 'CBOBR100122024', NULL, 'available', '2024-08-09 23:54:22', '2024-08-09 23:54:22'),
(713, 8, 4, 10013, 'CBOBR100132024', NULL, 'available', '2024-08-09 23:54:22', '2024-08-09 23:54:22'),
(714, 8, 4, 10014, 'CBOBR100142024', NULL, 'available', '2024-08-09 23:54:22', '2024-08-09 23:54:22'),
(715, 8, 4, 10015, 'CBOBR100152024', NULL, 'available', '2024-08-09 23:54:22', '2024-08-09 23:54:22'),
(716, 8, 4, 10016, 'CBOBR100162024', NULL, 'available', '2024-08-09 23:54:22', '2024-08-09 23:54:22'),
(717, 8, 4, 10017, 'CBOBR100172024', NULL, 'available', '2024-08-09 23:54:22', '2024-08-09 23:54:22'),
(718, 8, 4, 10018, 'CBOBR100182024', NULL, 'available', '2024-08-09 23:54:22', '2024-08-09 23:54:22'),
(719, 8, 4, 10019, 'CBOBR100192024', NULL, 'available', '2024-08-09 23:54:22', '2024-08-09 23:54:22'),
(720, 8, 4, 10020, 'CBOBR100202024', NULL, 'available', '2024-08-09 23:54:22', '2024-08-09 23:54:22'),
(721, 8, 4, 10021, 'CBOBR100212024', NULL, 'available', '2024-08-09 23:54:22', '2024-08-09 23:54:22'),
(722, 8, 4, 10022, 'CBOBR100222024', NULL, 'available', '2024-08-09 23:54:22', '2024-08-09 23:54:22'),
(723, 8, 4, 10023, 'CBOBR100232024', NULL, 'available', '2024-08-09 23:54:22', '2024-08-09 23:54:22'),
(724, 8, 4, 10024, 'CBOBR100242024', NULL, 'available', '2024-08-09 23:54:22', '2024-08-09 23:54:22'),
(725, 8, 4, 10025, 'CBOBR100252024', NULL, 'available', '2024-08-09 23:54:22', '2024-08-09 23:54:22'),
(726, 8, 4, 10026, 'CBOBR100262024', NULL, 'available', '2024-08-09 23:54:22', '2024-08-09 23:54:22'),
(727, 8, 4, 10027, 'CBOBR100272024', NULL, 'available', '2024-08-09 23:54:22', '2024-08-09 23:54:22'),
(728, 8, 4, 10028, 'CBOBR100282024', NULL, 'available', '2024-08-09 23:54:22', '2024-08-09 23:54:22'),
(729, 8, 4, 10029, 'CBOBR100292024', NULL, 'available', '2024-08-09 23:54:22', '2024-08-09 23:54:22'),
(730, 8, 4, 10030, 'CBOBR100302024', NULL, 'available', '2024-08-09 23:54:22', '2024-08-09 23:54:22'),
(731, 8, 4, 10031, 'CBOBR100312024', NULL, 'available', '2024-08-09 23:54:22', '2024-08-09 23:54:22'),
(732, 8, 4, 10032, 'CBOBR100322024', NULL, 'available', '2024-08-09 23:54:22', '2024-08-09 23:54:22'),
(733, 8, 4, 10033, 'CBOBR100332024', NULL, 'available', '2024-08-09 23:54:22', '2024-08-09 23:54:22'),
(734, 8, 4, 10034, 'CBOBR100342024', NULL, 'available', '2024-08-09 23:54:22', '2024-08-09 23:54:22'),
(735, 8, 4, 10035, 'CBOBR100352024', NULL, 'available', '2024-08-09 23:54:22', '2024-08-09 23:54:22'),
(736, 8, 4, 10036, 'CBOBR100362024', NULL, 'available', '2024-08-09 23:54:22', '2024-08-09 23:54:22'),
(737, 8, 4, 10037, 'CBOBR100372024', NULL, 'available', '2024-08-09 23:54:22', '2024-08-09 23:54:22'),
(738, 8, 4, 10038, 'CBOBR100382024', NULL, 'available', '2024-08-09 23:54:22', '2024-08-09 23:54:22'),
(739, 8, 4, 10039, 'CBOBR100392024', NULL, 'available', '2024-08-09 23:54:22', '2024-08-09 23:54:22'),
(740, 8, 4, 10040, 'CBOBR100402024', NULL, 'available', '2024-08-09 23:54:22', '2024-08-09 23:54:22'),
(741, 8, 4, 10041, 'CBOBR100412024', NULL, 'available', '2024-08-09 23:54:22', '2024-08-09 23:54:22'),
(742, 8, 4, 10042, 'CBOBR100422024', NULL, 'available', '2024-08-09 23:54:22', '2024-08-09 23:54:22'),
(743, 8, 4, 10043, 'CBOBR100432024', NULL, 'available', '2024-08-09 23:54:22', '2024-08-09 23:54:22'),
(744, 8, 4, 10044, 'CBOBR100442024', NULL, 'available', '2024-08-09 23:54:22', '2024-08-09 23:54:22'),
(745, 8, 4, 10045, 'CBOBR100452024', NULL, 'available', '2024-08-09 23:54:22', '2024-08-09 23:54:22'),
(746, 8, 4, 10046, 'CBOBR100462024', NULL, 'available', '2024-08-09 23:54:22', '2024-08-09 23:54:22'),
(747, 8, 4, 10047, 'CBOBR100472024', NULL, 'available', '2024-08-09 23:54:22', '2024-08-09 23:54:22'),
(748, 8, 4, 10048, 'CBOBR100482024', NULL, 'available', '2024-08-09 23:54:22', '2024-08-09 23:54:22'),
(749, 8, 4, 10049, 'CBOBR100492024', NULL, 'available', '2024-08-09 23:54:22', '2024-08-09 23:54:22'),
(750, 8, 4, 10050, 'CBOBR100502024', NULL, 'available', '2024-08-09 23:54:22', '2024-08-09 23:54:22'),
(751, 8, 4, 10051, 'CBOBR100512024', NULL, 'available', '2024-08-09 23:54:22', '2024-08-09 23:54:22'),
(752, 8, 4, 10052, 'CBOBR100522024', NULL, 'available', '2024-08-09 23:54:22', '2024-08-09 23:54:22'),
(753, 8, 4, 10053, 'CBOBR100532024', NULL, 'available', '2024-08-09 23:54:22', '2024-08-09 23:54:22'),
(754, 8, 4, 10054, 'CBOBR100542024', NULL, 'available', '2024-08-09 23:54:22', '2024-08-09 23:54:22'),
(755, 8, 4, 10055, 'CBOBR100552024', NULL, 'available', '2024-08-09 23:54:22', '2024-08-09 23:54:22'),
(756, 8, 4, 10056, 'CBOBR100562024', NULL, 'available', '2024-08-09 23:54:22', '2024-08-09 23:54:22'),
(757, 8, 4, 10057, 'CBOBR100572024', NULL, 'available', '2024-08-09 23:54:22', '2024-08-09 23:54:22'),
(758, 8, 4, 10058, 'CBOBR100582024', NULL, 'available', '2024-08-09 23:54:22', '2024-08-09 23:54:22'),
(759, 8, 4, 10059, 'CBOBR100592024', NULL, 'available', '2024-08-09 23:54:22', '2024-08-09 23:54:22'),
(760, 8, 4, 10060, 'CBOBR100602024', NULL, 'available', '2024-08-09 23:54:22', '2024-08-09 23:54:22'),
(761, 8, 4, 10061, 'CBOBR100612024', NULL, 'available', '2024-08-09 23:54:22', '2024-08-09 23:54:22'),
(762, 8, 4, 10062, 'CBOBR100622024', NULL, 'available', '2024-08-09 23:54:22', '2024-08-09 23:54:22'),
(763, 8, 4, 10063, 'CBOBR100632024', NULL, 'available', '2024-08-09 23:54:22', '2024-08-09 23:54:22'),
(764, 8, 4, 10064, 'CBOBR100642024', NULL, 'available', '2024-08-09 23:54:22', '2024-08-09 23:54:22'),
(765, 8, 4, 10065, 'CBOBR100652024', NULL, 'available', '2024-08-09 23:54:22', '2024-08-09 23:54:22'),
(766, 8, 4, 10066, 'CBOBR100662024', NULL, 'available', '2024-08-09 23:54:22', '2024-08-09 23:54:22'),
(767, 8, 4, 10067, 'CBOBR100672024', NULL, 'available', '2024-08-09 23:54:22', '2024-08-09 23:54:22'),
(768, 8, 4, 10068, 'CBOBR100682024', NULL, 'available', '2024-08-09 23:54:22', '2024-08-09 23:54:22'),
(769, 8, 4, 10069, 'CBOBR100692024', NULL, 'available', '2024-08-09 23:54:22', '2024-08-09 23:54:22'),
(770, 8, 4, 10070, 'CBOBR100702024', NULL, 'available', '2024-08-09 23:54:22', '2024-08-09 23:54:22'),
(771, 8, 4, 10071, 'CBOBR100712024', NULL, 'available', '2024-08-09 23:54:22', '2024-08-09 23:54:22'),
(772, 8, 4, 10072, 'CBOBR100722024', NULL, 'available', '2024-08-09 23:54:22', '2024-08-09 23:54:22'),
(773, 8, 4, 10073, 'CBOBR100732024', NULL, 'available', '2024-08-09 23:54:22', '2024-08-09 23:54:22'),
(774, 8, 4, 10074, 'CBOBR100742024', NULL, 'available', '2024-08-09 23:54:22', '2024-08-09 23:54:22'),
(775, 8, 4, 10075, 'CBOBR100752024', NULL, 'available', '2024-08-09 23:54:22', '2024-08-09 23:54:22'),
(776, 8, 4, 10076, 'CBOBR100762024', NULL, 'available', '2024-08-09 23:54:22', '2024-08-09 23:54:22'),
(777, 8, 4, 10077, 'CBOBR100772024', NULL, 'available', '2024-08-09 23:54:22', '2024-08-09 23:54:22'),
(778, 8, 4, 10078, 'CBOBR100782024', NULL, 'available', '2024-08-09 23:54:22', '2024-08-09 23:54:22'),
(779, 8, 4, 10079, 'CBOBR100792024', NULL, 'available', '2024-08-09 23:54:22', '2024-08-09 23:54:22'),
(780, 8, 4, 10080, 'CBOBR100802024', NULL, 'available', '2024-08-09 23:54:22', '2024-08-09 23:54:22'),
(781, 8, 4, 10081, 'CBOBR100812024', NULL, 'available', '2024-08-09 23:54:22', '2024-08-09 23:54:22'),
(782, 8, 4, 10082, 'CBOBR100822024', NULL, 'available', '2024-08-09 23:54:22', '2024-08-09 23:54:22'),
(783, 8, 4, 10083, 'CBOBR100832024', NULL, 'available', '2024-08-09 23:54:22', '2024-08-09 23:54:22'),
(784, 8, 4, 10084, 'CBOBR100842024', NULL, 'available', '2024-08-09 23:54:22', '2024-08-09 23:54:22'),
(785, 8, 4, 10085, 'CBOBR100852024', NULL, 'available', '2024-08-09 23:54:22', '2024-08-09 23:54:22'),
(786, 8, 4, 10086, 'CBOBR100862024', NULL, 'available', '2024-08-09 23:54:22', '2024-08-09 23:54:22'),
(787, 8, 4, 10087, 'CBOBR100872024', NULL, 'available', '2024-08-09 23:54:22', '2024-08-09 23:54:22'),
(788, 8, 4, 10088, 'CBOBR100882024', NULL, 'available', '2024-08-09 23:54:22', '2024-08-09 23:54:22'),
(789, 8, 4, 10089, 'CBOBR100892024', NULL, 'available', '2024-08-09 23:54:22', '2024-08-09 23:54:22'),
(790, 8, 4, 10090, 'CBOBR100902024', NULL, 'available', '2024-08-09 23:54:22', '2024-08-09 23:54:22'),
(791, 8, 4, 10091, 'CBOBR100912024', NULL, 'available', '2024-08-09 23:54:22', '2024-08-09 23:54:22'),
(792, 8, 4, 10092, 'CBOBR100922024', NULL, 'available', '2024-08-09 23:54:22', '2024-08-09 23:54:22'),
(793, 8, 4, 10093, 'CBOBR100932024', NULL, 'available', '2024-08-09 23:54:22', '2024-08-09 23:54:22'),
(794, 8, 4, 10094, 'CBOBR100942024', NULL, 'available', '2024-08-09 23:54:22', '2024-08-09 23:54:22'),
(795, 8, 4, 10095, 'CBOBR100952024', NULL, 'available', '2024-08-09 23:54:22', '2024-08-09 23:54:22'),
(796, 8, 4, 10096, 'CBOBR100962024', NULL, 'available', '2024-08-09 23:54:22', '2024-08-09 23:54:22'),
(797, 8, 4, 10097, 'CBOBR100972024', NULL, 'available', '2024-08-09 23:54:22', '2024-08-09 23:54:22'),
(798, 8, 4, 10098, 'CBOBR100982024', NULL, 'available', '2024-08-09 23:54:22', '2024-08-09 23:54:22'),
(799, 8, 4, 10099, 'CBOBR100992024', NULL, 'available', '2024-08-09 23:54:22', '2024-08-09 23:54:22'),
(800, 8, 4, 10100, 'CBOBR101002024', NULL, 'available', '2024-08-09 23:54:22', '2024-08-09 23:54:22'),
(801, 9, 4, 60101, 'CBO601012024', NULL, 'available', '2024-08-18 11:44:18', '2024-08-18 11:44:18'),
(802, 9, 4, 60102, 'CBO601022024', NULL, 'available', '2024-08-18 11:44:18', '2024-08-18 11:44:18'),
(803, 9, 4, 60103, 'CBO601032024', NULL, 'available', '2024-08-18 11:44:18', '2024-08-18 11:44:18'),
(804, 9, 4, 60104, 'CBO601042024', NULL, 'available', '2024-08-18 11:44:18', '2024-08-18 11:44:18'),
(805, 9, 4, 60105, 'CBO601052024', NULL, 'available', '2024-08-18 11:44:18', '2024-08-18 11:44:18'),
(806, 9, 4, 60106, 'CBO601062024', NULL, 'available', '2024-08-18 11:44:18', '2024-08-18 11:44:18'),
(807, 9, 4, 60107, 'CBO601072024', NULL, 'available', '2024-08-18 11:44:18', '2024-08-18 11:44:18'),
(808, 9, 4, 60108, 'CBO601082024', NULL, 'available', '2024-08-18 11:44:18', '2024-08-18 11:44:18'),
(809, 9, 4, 60109, 'CBO601092024', NULL, 'available', '2024-08-18 11:44:18', '2024-08-18 11:44:18'),
(810, 9, 4, 60110, 'CBO601102024', NULL, 'available', '2024-08-18 11:44:18', '2024-08-18 11:44:18'),
(811, 9, 4, 60111, 'CBO601112024', NULL, 'available', '2024-08-18 11:44:18', '2024-08-18 11:44:18'),
(812, 9, 4, 60112, 'CBO601122024', NULL, 'available', '2024-08-18 11:44:18', '2024-08-18 11:44:18'),
(813, 9, 4, 60113, 'CBO601132024', NULL, 'available', '2024-08-18 11:44:18', '2024-08-18 11:44:18'),
(814, 9, 4, 60114, 'CBO601142024', NULL, 'available', '2024-08-18 11:44:18', '2024-08-18 11:44:18'),
(815, 9, 4, 60115, 'CBO601152024', NULL, 'available', '2024-08-18 11:44:18', '2024-08-18 11:44:18'),
(816, 9, 4, 60116, 'CBO601162024', NULL, 'available', '2024-08-18 11:44:18', '2024-08-18 11:44:18'),
(817, 9, 4, 60117, 'CBO601172024', NULL, 'available', '2024-08-18 11:44:18', '2024-08-18 11:44:18'),
(818, 9, 4, 60118, 'CBO601182024', NULL, 'available', '2024-08-18 11:44:18', '2024-08-18 11:44:18'),
(819, 9, 4, 60119, 'CBO601192024', NULL, 'available', '2024-08-18 11:44:18', '2024-08-18 11:44:18'),
(820, 9, 4, 60120, 'CBO601202024', NULL, 'available', '2024-08-18 11:44:18', '2024-08-18 11:44:18'),
(821, 9, 4, 60121, 'CBO601212024', NULL, 'available', '2024-08-18 11:44:18', '2024-08-18 11:44:18'),
(822, 9, 4, 60122, 'CBO601222024', NULL, 'available', '2024-08-18 11:44:18', '2024-08-18 11:44:18'),
(823, 9, 4, 60123, 'CBO601232024', NULL, 'available', '2024-08-18 11:44:18', '2024-08-18 11:44:18'),
(824, 9, 4, 60124, 'CBO601242024', NULL, 'available', '2024-08-18 11:44:18', '2024-08-18 11:44:18'),
(825, 9, 4, 60125, 'CBO601252024', NULL, 'available', '2024-08-18 11:44:18', '2024-08-18 11:44:18'),
(826, 9, 4, 60126, 'CBO601262024', NULL, 'available', '2024-08-18 11:44:18', '2024-08-18 11:44:18'),
(827, 9, 4, 60127, 'CBO601272024', NULL, 'available', '2024-08-18 11:44:18', '2024-08-18 11:44:18'),
(828, 9, 4, 60128, 'CBO601282024', NULL, 'available', '2024-08-18 11:44:18', '2024-08-18 11:44:18'),
(829, 9, 4, 60129, 'CBO601292024', NULL, 'available', '2024-08-18 11:44:18', '2024-08-18 11:44:18'),
(830, 9, 4, 60130, 'CBO601302024', NULL, 'available', '2024-08-18 11:44:18', '2024-08-18 11:44:18'),
(831, 9, 4, 60131, 'CBO601312024', NULL, 'available', '2024-08-18 11:44:18', '2024-08-18 11:44:18'),
(832, 9, 4, 60132, 'CBO601322024', NULL, 'available', '2024-08-18 11:44:18', '2024-08-18 11:44:18'),
(833, 9, 4, 60133, 'CBO601332024', NULL, 'available', '2024-08-18 11:44:18', '2024-08-18 11:44:18'),
(834, 9, 4, 60134, 'CBO601342024', NULL, 'available', '2024-08-18 11:44:18', '2024-08-18 11:44:18'),
(835, 9, 4, 60135, 'CBO601352024', NULL, 'available', '2024-08-18 11:44:18', '2024-08-18 11:44:18'),
(836, 9, 4, 60136, 'CBO601362024', NULL, 'available', '2024-08-18 11:44:18', '2024-08-18 11:44:18'),
(837, 9, 4, 60137, 'CBO601372024', NULL, 'available', '2024-08-18 11:44:18', '2024-08-18 11:44:18'),
(838, 9, 4, 60138, 'CBO601382024', NULL, 'available', '2024-08-18 11:44:18', '2024-08-18 11:44:18'),
(839, 9, 4, 60139, 'CBO601392024', NULL, 'available', '2024-08-18 11:44:18', '2024-08-18 11:44:18'),
(840, 9, 4, 60140, 'CBO601402024', NULL, 'available', '2024-08-18 11:44:18', '2024-08-18 11:44:18'),
(841, 9, 4, 60141, 'CBO601412024', NULL, 'available', '2024-08-18 11:44:18', '2024-08-18 11:44:18'),
(842, 9, 4, 60142, 'CBO601422024', NULL, 'available', '2024-08-18 11:44:18', '2024-08-18 11:44:18'),
(843, 9, 4, 60143, 'CBO601432024', NULL, 'available', '2024-08-18 11:44:18', '2024-08-18 11:44:18'),
(844, 9, 4, 60144, 'CBO601442024', NULL, 'available', '2024-08-18 11:44:18', '2024-08-18 11:44:18'),
(845, 9, 4, 60145, 'CBO601452024', NULL, 'available', '2024-08-18 11:44:18', '2024-08-18 11:44:18'),
(846, 9, 4, 60146, 'CBO601462024', NULL, 'available', '2024-08-18 11:44:18', '2024-08-18 11:44:18'),
(847, 9, 4, 60147, 'CBO601472024', NULL, 'available', '2024-08-18 11:44:18', '2024-08-18 11:44:18'),
(848, 9, 4, 60148, 'CBO601482024', NULL, 'available', '2024-08-18 11:44:18', '2024-08-18 11:44:18'),
(849, 9, 4, 60149, 'CBO601492024', NULL, 'available', '2024-08-18 11:44:18', '2024-08-18 11:44:18'),
(850, 9, 4, 60150, 'CBO601502024', NULL, 'available', '2024-08-18 11:44:18', '2024-08-18 11:44:18'),
(851, 9, 4, 60151, 'CBO601512024', NULL, 'available', '2024-08-18 11:44:18', '2024-08-18 11:44:18'),
(852, 9, 4, 60152, 'CBO601522024', NULL, 'available', '2024-08-18 11:44:18', '2024-08-18 11:44:18'),
(853, 9, 4, 60153, 'CBO601532024', NULL, 'available', '2024-08-18 11:44:18', '2024-08-18 11:44:18'),
(854, 9, 4, 60154, 'CBO601542024', NULL, 'available', '2024-08-18 11:44:18', '2024-08-18 11:44:18'),
(855, 9, 4, 60155, 'CBO601552024', NULL, 'available', '2024-08-18 11:44:18', '2024-08-18 11:44:18'),
(856, 9, 4, 60156, 'CBO601562024', NULL, 'available', '2024-08-18 11:44:18', '2024-08-18 11:44:18'),
(857, 9, 4, 60157, 'CBO601572024', NULL, 'available', '2024-08-18 11:44:18', '2024-08-18 11:44:18'),
(858, 9, 4, 60158, 'CBO601582024', NULL, 'available', '2024-08-18 11:44:18', '2024-08-18 11:44:18'),
(859, 9, 4, 60159, 'CBO601592024', NULL, 'available', '2024-08-18 11:44:18', '2024-08-18 11:44:18'),
(860, 9, 4, 60160, 'CBO601602024', NULL, 'available', '2024-08-18 11:44:18', '2024-08-18 11:44:18'),
(861, 9, 4, 60161, 'CBO601612024', NULL, 'available', '2024-08-18 11:44:18', '2024-08-18 11:44:18'),
(862, 9, 4, 60162, 'CBO601622024', NULL, 'available', '2024-08-18 11:44:18', '2024-08-18 11:44:18'),
(863, 9, 4, 60163, 'CBO601632024', NULL, 'available', '2024-08-18 11:44:18', '2024-08-18 11:44:18'),
(864, 9, 4, 60164, 'CBO601642024', NULL, 'available', '2024-08-18 11:44:18', '2024-08-18 11:44:18'),
(865, 9, 4, 60165, 'CBO601652024', NULL, 'available', '2024-08-18 11:44:18', '2024-08-18 11:44:18'),
(866, 9, 4, 60166, 'CBO601662024', NULL, 'available', '2024-08-18 11:44:18', '2024-08-18 11:44:18'),
(867, 9, 4, 60167, 'CBO601672024', NULL, 'available', '2024-08-18 11:44:18', '2024-08-18 11:44:18'),
(868, 9, 4, 60168, 'CBO601682024', NULL, 'available', '2024-08-18 11:44:18', '2024-08-18 11:44:18'),
(869, 9, 4, 60169, 'CBO601692024', NULL, 'available', '2024-08-18 11:44:18', '2024-08-18 11:44:18'),
(870, 9, 4, 60170, 'CBO601702024', NULL, 'available', '2024-08-18 11:44:18', '2024-08-18 11:44:18'),
(871, 9, 4, 60171, 'CBO601712024', NULL, 'available', '2024-08-18 11:44:18', '2024-08-18 11:44:18'),
(872, 9, 4, 60172, 'CBO601722024', NULL, 'available', '2024-08-18 11:44:18', '2024-08-18 11:44:18'),
(873, 9, 4, 60173, 'CBO601732024', NULL, 'available', '2024-08-18 11:44:18', '2024-08-18 11:44:18'),
(874, 9, 4, 60174, 'CBO601742024', NULL, 'available', '2024-08-18 11:44:18', '2024-08-18 11:44:18'),
(875, 9, 4, 60175, 'CBO601752024', NULL, 'available', '2024-08-18 11:44:18', '2024-08-18 11:44:18'),
(876, 9, 4, 60176, 'CBO601762024', NULL, 'available', '2024-08-18 11:44:18', '2024-08-18 11:44:18'),
(877, 9, 4, 60177, 'CBO601772024', NULL, 'available', '2024-08-18 11:44:18', '2024-08-18 11:44:18'),
(878, 9, 4, 60178, 'CBO601782024', NULL, 'available', '2024-08-18 11:44:18', '2024-08-18 11:44:18'),
(879, 9, 4, 60179, 'CBO601792024', NULL, 'available', '2024-08-18 11:44:18', '2024-08-18 11:44:18'),
(880, 9, 4, 60180, 'CBO601802024', NULL, 'available', '2024-08-18 11:44:18', '2024-08-18 11:44:18'),
(881, 9, 4, 60181, 'CBO601812024', NULL, 'available', '2024-08-18 11:44:18', '2024-08-18 11:44:18'),
(882, 9, 4, 60182, 'CBO601822024', NULL, 'available', '2024-08-18 11:44:18', '2024-08-18 11:44:18'),
(883, 9, 4, 60183, 'CBO601832024', NULL, 'available', '2024-08-18 11:44:18', '2024-08-18 11:44:18'),
(884, 9, 4, 60184, 'CBO601842024', NULL, 'available', '2024-08-18 11:44:18', '2024-08-18 11:44:18'),
(885, 9, 4, 60185, 'CBO601852024', NULL, 'available', '2024-08-18 11:44:18', '2024-08-18 11:44:18'),
(886, 9, 4, 60186, 'CBO601862024', NULL, 'available', '2024-08-18 11:44:18', '2024-08-18 11:44:18'),
(887, 9, 4, 60187, 'CBO601872024', NULL, 'available', '2024-08-18 11:44:18', '2024-08-18 11:44:18'),
(888, 9, 4, 60188, 'CBO601882024', NULL, 'available', '2024-08-18 11:44:18', '2024-08-18 11:44:18'),
(889, 9, 4, 60189, 'CBO601892024', NULL, 'available', '2024-08-18 11:44:18', '2024-08-18 11:44:18'),
(890, 9, 4, 60190, 'CBO601902024', NULL, 'available', '2024-08-18 11:44:18', '2024-08-18 11:44:18'),
(891, 9, 4, 60191, 'CBO601912024', NULL, 'available', '2024-08-18 11:44:18', '2024-08-18 11:44:18'),
(892, 9, 4, 60192, 'CBO601922024', NULL, 'available', '2024-08-18 11:44:18', '2024-08-18 11:44:18'),
(893, 9, 4, 60193, 'CBO601932024', NULL, 'available', '2024-08-18 11:44:18', '2024-08-18 11:44:18'),
(894, 9, 4, 60194, 'CBO601942024', NULL, 'available', '2024-08-18 11:44:18', '2024-08-18 11:44:18'),
(895, 9, 4, 60195, 'CBO601952024', NULL, 'available', '2024-08-18 11:44:18', '2024-08-18 11:44:18'),
(896, 9, 4, 60196, 'CBO601962024', NULL, 'available', '2024-08-18 11:44:18', '2024-08-18 11:44:18'),
(897, 9, 4, 60197, 'CBO601972024', NULL, 'available', '2024-08-18 11:44:18', '2024-08-18 11:44:18'),
(898, 9, 4, 60198, 'CBO601982024', NULL, 'available', '2024-08-18 11:44:18', '2024-08-18 11:44:18'),
(899, 9, 4, 60199, 'CBO601992024', NULL, 'available', '2024-08-18 11:44:18', '2024-08-18 11:44:18'),
(900, 9, 4, 60200, 'CBO602002024', NULL, 'available', '2024-08-18 11:44:18', '2024-08-18 11:44:18');

-- --------------------------------------------------------

--
-- Table structure for table `failed_jobs`
--

CREATE TABLE `failed_jobs` (
  `id` bigint(20) UNSIGNED NOT NULL,
  `uuid` varchar(255) NOT NULL,
  `connection` text NOT NULL,
  `queue` text NOT NULL,
  `payload` longtext NOT NULL,
  `exception` longtext NOT NULL,
  `failed_at` timestamp NOT NULL DEFAULT current_timestamp()
) ENGINE=InnoDB DEFAULT CHARSET=utf8mb4 COLLATE=utf8mb4_unicode_ci;

-- --------------------------------------------------------

--
-- Table structure for table `jobs`
--

CREATE TABLE `jobs` (
  `id` bigint(20) UNSIGNED NOT NULL,
  `queue` varchar(255) NOT NULL,
  `payload` longtext NOT NULL,
  `attempts` tinyint(3) UNSIGNED NOT NULL,
  `reserved_at` int(10) UNSIGNED DEFAULT NULL,
  `available_at` int(10) UNSIGNED NOT NULL,
  `created_at` int(10) UNSIGNED NOT NULL
) ENGINE=InnoDB DEFAULT CHARSET=utf8mb4 COLLATE=utf8mb4_unicode_ci;

-- --------------------------------------------------------

--
-- Table structure for table `job_batches`
--

CREATE TABLE `job_batches` (
  `id` varchar(255) NOT NULL,
  `name` varchar(255) NOT NULL,
  `total_jobs` int(11) NOT NULL,
  `pending_jobs` int(11) NOT NULL,
  `failed_jobs` int(11) NOT NULL,
  `failed_job_ids` longtext NOT NULL,
  `options` mediumtext DEFAULT NULL,
  `cancelled_at` int(11) DEFAULT NULL,
  `created_at` int(11) NOT NULL,
  `finished_at` int(11) DEFAULT NULL
) ENGINE=InnoDB DEFAULT CHARSET=utf8mb4 COLLATE=utf8mb4_unicode_ci;

-- --------------------------------------------------------

--
-- Table structure for table `migrations`
--

CREATE TABLE `migrations` (
  `id` int(10) UNSIGNED NOT NULL,
  `migration` varchar(255) NOT NULL,
  `batch` int(11) NOT NULL
) ENGINE=InnoDB DEFAULT CHARSET=utf8mb4 COLLATE=utf8mb4_unicode_ci;

--
-- Dumping data for table `migrations`
--

INSERT INTO `migrations` (`id`, `migration`, `batch`) VALUES
(1, '0001_01_01_000000_create_users_table', 1),
(2, '0001_01_01_000001_create_cache_table', 1),
(3, '0001_01_01_000002_create_jobs_table', 1),
(4, '2024_07_28_101111_create_clients_table', 1),
(5, '2024_07_30_133000_create_vehicles_table', 1),
(6, '2024_08_02_134859_create_insurances_table', 1),
(7, '2024_08_07_012311_update_users_table', 1),
(9, '2024_08_07_102526_create_coc_series_table', 2),
(10, '2024_08_07_122802_create_coc_series_numbers_table', 3),
(11, '2024_08_08_085733_create_authentications_table', 4),
(12, '2024_08_19_213406_delete_unnecessary_tables', 5),
(14, '2024_08_19_215402_create_subagents_table', 6);

-- --------------------------------------------------------

--
-- Table structure for table `password_reset_tokens`
--

CREATE TABLE `password_reset_tokens` (
  `email` varchar(255) NOT NULL,
  `token` varchar(255) NOT NULL,
  `created_at` timestamp NULL DEFAULT NULL
) ENGINE=InnoDB DEFAULT CHARSET=utf8mb4 COLLATE=utf8mb4_unicode_ci;

-- --------------------------------------------------------

--
-- Table structure for table `sessions`
--

CREATE TABLE `sessions` (
  `id` varchar(255) NOT NULL,
  `user_id` bigint(20) UNSIGNED DEFAULT NULL,
  `ip_address` varchar(45) DEFAULT NULL,
  `user_agent` text DEFAULT NULL,
  `payload` longtext NOT NULL,
  `last_activity` int(11) NOT NULL
) ENGINE=InnoDB DEFAULT CHARSET=utf8mb4 COLLATE=utf8mb4_unicode_ci;

--
-- Dumping data for table `sessions`
--

INSERT INTO `sessions` (`id`, `user_id`, `ip_address`, `user_agent`, `payload`, `last_activity`) VALUES
('bnW75SHOKOl623RIKt9uUSDhKb56WO47SZEZkFpH', NULL, '127.0.0.1', 'Mozilla/5.0 (Windows NT 10.0; Win64; x64) AppleWebKit/537.36 (KHTML, like Gecko) Chrome/127.0.0.0 Safari/537.36', 'YToyOntzOjY6Il90b2tlbiI7czo0MDoiZ3pqQ3FnaXBVSXEyV1VxcnlKZGhtZWwwQjhiQzBqN3lxWERmNFh2SCI7czo2OiJfZmxhc2giO2E6Mjp7czozOiJvbGQiO2E6MDp7fXM6MzoibmV3IjthOjA6e319fQ==', 1724075082),
('l1SUyX08a5YnsxTip7rXNqoNyISpyoSPpnPARMTT', 1, '127.0.0.1', 'Mozilla/5.0 (Windows NT 10.0; Win64; x64) AppleWebKit/537.36 (KHTML, like Gecko) Chrome/127.0.0.0 Safari/537.36', 'YTo0OntzOjY6Il90b2tlbiI7czo0MDoiOWNRS1YxT005cnAzR1lqTWpWZFhOalVyTGRFTzJiMHJ4SHJQMFh1SSI7czo2OiJfZmxhc2giO2E6Mjp7czozOiJvbGQiO2E6MDp7fXM6MzoibmV3IjthOjA6e319czo5OiJfcHJldmlvdXMiO2E6MTp7czozOiJ1cmwiO3M6MzU6Imh0dHA6Ly9sb2NhbGhvc3Q6NTAwMC9zZXJpZXMvY3JlYXRlIjt9czo1MDoibG9naW5fd2ViXzU5YmEzNmFkZGMyYjJmOTQwMTU4MGYwMTRjN2Y1OGVhNGUzMDk4OWQiO2k6MTt9', 1724319769),
('L95qAwMw93wzhhLrhpWbuu63wSEP8PX1lai2XU0q', 3, '127.0.0.1', 'Mozilla/5.0 (Windows NT 10.0; Win64; x64) AppleWebKit/537.36 (KHTML, like Gecko) Chrome/127.0.0.0 Safari/537.36', 'YTo0OntzOjY6Il90b2tlbiI7czo0MDoidTQxbkI2OFRnWDQ0N0xISzM4c2ZDRHVjdUFxS3RVZHVxSzNld1djNiI7czo5OiJfcHJldmlvdXMiO2E6MTp7czozOiJ1cmwiO3M6NDM6Imh0dHA6Ly9sb2NhbGhvc3Q6NTAwMC9hdXRoZW50aWNhdGlvbi9jcmVhdGUiO31zOjY6Il9mbGFzaCI7YToyOntzOjM6Im9sZCI7YTowOnt9czozOiJuZXciO2E6MDp7fX1zOjUwOiJsb2dpbl93ZWJfNTliYTM2YWRkYzJiMmY5NDAxNTgwZjAxNGM3ZjU4ZWE0ZTMwOTg5ZCI7aTozO30=', 1724082834);

-- --------------------------------------------------------

--
-- Table structure for table `subagents`
--

CREATE TABLE `subagents` (
  `agent_id` bigint(20) UNSIGNED NOT NULL,
  `subagent_id` bigint(20) UNSIGNED NOT NULL
) ENGINE=InnoDB DEFAULT CHARSET=utf8mb4 COLLATE=utf8mb4_unicode_ci;

--
-- Dumping data for table `subagents`
--

INSERT INTO `subagents` (`agent_id`, `subagent_id`) VALUES
(3, 59),
(3, 60);

-- --------------------------------------------------------

--
-- Table structure for table `users`
--

CREATE TABLE `users` (
  `id` bigint(20) UNSIGNED NOT NULL,
  `email` varchar(255) NOT NULL,
  `email_verified_at` timestamp NULL DEFAULT NULL,
  `password` varchar(255) NOT NULL,
  `remember_token` varchar(100) DEFAULT NULL,
  `created_at` timestamp NULL DEFAULT NULL,
  `updated_at` timestamp NULL DEFAULT NULL,
  `first_name` varchar(255) NOT NULL,
  `last_name` varchar(255) NOT NULL,
  `mobile_number` varchar(255) NOT NULL,
  `branch` varchar(255) NOT NULL,
  `role` varchar(255) NOT NULL,
  `status` varchar(255) NOT NULL
) ENGINE=InnoDB DEFAULT CHARSET=utf8mb4 COLLATE=utf8mb4_unicode_ci;

--
-- Dumping data for table `users`
--

INSERT INTO `users` (`id`, `email`, `email_verified_at`, `password`, `remember_token`, `created_at`, `updated_at`, `first_name`, `last_name`, `mobile_number`, `branch`, `role`, `status`) VALUES
(1, 'elioth@example.com', '2024-08-06 17:36:45', '$2y$12$2.c/FEZ4IKlc/XokxqUgpOJOuUwIHxNNuQ/XFYIXzwBgl7Wv80vg.', 'rbVQYn1pmrmm0vE41JR8x400KOTUhtxq8hrQK2NUQwUzvlg360VYx37NN4vR', '2024-08-06 17:36:45', '2024-08-06 17:36:45', 'Elioth', 'Barker', '09895213771', 'Manila', 'admin', 'active'),
(2, 'gapan@branch.com', NULL, '$2y$12$28oLiG7AJwq/NtMqfqULD.ND7EcvROGT6rADUv7t1XKAYirTnYCcO', NULL, '2024-08-06 19:25:12', '2024-08-06 19:25:12', 'Gapan', 'Branch', '09123434312', 'Gapan', 'agent', 'active'),
(3, 'laguna@branch.com', NULL, '$2y$12$WhEMWQ8n7rnsOkB3oNfrNO//fSA.eJlpGr7LoNKKSLow4AXhJy3B6', NULL, '2024-08-06 22:55:59', '2024-08-06 22:55:59', 'Laguna', 'Branch', '09122219399', 'Laguna', 'agent', 'active'),
(4, 'cabiao@branch.com', NULL, '$2y$12$yWnfBzyXeXunGxygEaeuZ.AldfmcVzQUz/I55ez2Ci9d4CPc0tfFW', NULL, '2024-08-06 22:57:27', '2024-08-06 22:57:27', 'Cabiao', 'Branch', '09999292223', 'Cabiao', 'agent', 'active'),
(5, 'bechtelar.elisha@example.net', '2024-08-06 23:00:54', '$2y$12$b49cQAY8KP19UqhfsP5aluW/1AizOkUdzxRIe8vc4IeTMhdz5Sifu', 'LpvhCHCfM6', '2024-08-06 23:00:55', '2024-08-18 12:10:48', 'Johanna', 'Lowe', '09288458867', 'San Leonardo', 'agent', 'active'),
(55, 'juana@gmail.com', NULL, '$2y$12$g5VP8nvSAmvi.h/EvQagwexplOSaZJU44OpFxf6JMd01OhPWYLJH.', NULL, '2024-08-09 05:39:47', '2024-08-09 05:39:47', 'JUANA', 'BOTE', '09123444411', 'MAKATI', 'subagent', 'active'),
(56, 'talavera@branch.com', NULL, '$2y$12$T1GXwKQNmF52vLfSJsXzeO1fnStIn8NA99g8idPP7nFRMILsnverm', NULL, '2024-08-18 11:58:11', '2024-08-18 12:10:43', 'Talavera', 'Branch', '09123351511', 'Talavera', 'agent', 'active'),
(59, 'cabuyao@laguna.com', NULL, '$2y$12$STlAfheV2jcqBWfJ0kocVuUKGAk4RwPDAPVIoo.vuy0n.TRKqZ4G6', NULL, '2024-08-19 14:44:40', '2024-08-19 15:02:23', 'Cabuyao', 'Laguna', '09111111111', 'CABUYAO', 'subagent', 'active'),
(60, 'calamba@laguna.com', NULL, '$2y$12$Vv/kvR17kyEJxlJhQJ5kauKngnxAGfGoOl6H90r1.OWLMEbzxg/T.', NULL, '2024-08-19 15:01:35', '2024-08-19 15:01:49', 'Calamba', 'Laguna', '09122222222', 'CALAMBA', 'subagent', 'inactive');

--
-- Indexes for dumped tables
--

--
-- Indexes for table `authentications`
--
ALTER TABLE `authentications`
  ADD PRIMARY KEY (`id`);

--
-- Indexes for table `cache`
--
ALTER TABLE `cache`
  ADD PRIMARY KEY (`key`);

--
-- Indexes for table `cache_locks`
--
ALTER TABLE `cache_locks`
  ADD PRIMARY KEY (`key`);

--
-- Indexes for table `coc_series`
--
ALTER TABLE `coc_series`
  ADD PRIMARY KEY (`id`);

--
-- Indexes for table `coc_series_numbers`
--
ALTER TABLE `coc_series_numbers`
  ADD PRIMARY KEY (`id`);

--
-- Indexes for table `failed_jobs`
--
ALTER TABLE `failed_jobs`
  ADD PRIMARY KEY (`id`),
  ADD UNIQUE KEY `failed_jobs_uuid_unique` (`uuid`);

--
-- Indexes for table `jobs`
--
ALTER TABLE `jobs`
  ADD PRIMARY KEY (`id`),
  ADD KEY `jobs_queue_index` (`queue`);

--
-- Indexes for table `job_batches`
--
ALTER TABLE `job_batches`
  ADD PRIMARY KEY (`id`);

--
-- Indexes for table `migrations`
--
ALTER TABLE `migrations`
  ADD PRIMARY KEY (`id`);

--
-- Indexes for table `password_reset_tokens`
--
ALTER TABLE `password_reset_tokens`
  ADD PRIMARY KEY (`email`);

--
-- Indexes for table `sessions`
--
ALTER TABLE `sessions`
  ADD PRIMARY KEY (`id`),
  ADD KEY `sessions_user_id_index` (`user_id`),
  ADD KEY `sessions_last_activity_index` (`last_activity`);

--
-- Indexes for table `users`
--
ALTER TABLE `users`
  ADD PRIMARY KEY (`id`),
  ADD UNIQUE KEY `users_email_unique` (`email`);

--
-- AUTO_INCREMENT for dumped tables
--

--
-- AUTO_INCREMENT for table `authentications`
--
ALTER TABLE `authentications`
  MODIFY `id` bigint(20) UNSIGNED NOT NULL AUTO_INCREMENT, AUTO_INCREMENT=7;

--
-- AUTO_INCREMENT for table `coc_series`
--
ALTER TABLE `coc_series`
  MODIFY `id` bigint(20) UNSIGNED NOT NULL AUTO_INCREMENT, AUTO_INCREMENT=10;

--
-- AUTO_INCREMENT for table `coc_series_numbers`
--
ALTER TABLE `coc_series_numbers`
  MODIFY `id` bigint(20) UNSIGNED NOT NULL AUTO_INCREMENT, AUTO_INCREMENT=901;

--
-- AUTO_INCREMENT for table `failed_jobs`
--
ALTER TABLE `failed_jobs`
  MODIFY `id` bigint(20) UNSIGNED NOT NULL AUTO_INCREMENT;

--
-- AUTO_INCREMENT for table `jobs`
--
ALTER TABLE `jobs`
  MODIFY `id` bigint(20) UNSIGNED NOT NULL AUTO_INCREMENT;

--
-- AUTO_INCREMENT for table `migrations`
--
ALTER TABLE `migrations`
  MODIFY `id` int(10) UNSIGNED NOT NULL AUTO_INCREMENT, AUTO_INCREMENT=15;

--
-- AUTO_INCREMENT for table `users`
--
ALTER TABLE `users`
  MODIFY `id` bigint(20) UNSIGNED NOT NULL AUTO_INCREMENT, AUTO_INCREMENT=61;
COMMIT;

/*!40101 SET CHARACTER_SET_CLIENT=@OLD_CHARACTER_SET_CLIENT */;
/*!40101 SET CHARACTER_SET_RESULTS=@OLD_CHARACTER_SET_RESULTS */;
/*!40101 SET COLLATION_CONNECTION=@OLD_COLLATION_CONNECTION */;
